index,lat_deg,lon_deg,cumulative_surface_distance_km,cumulative_flight_distance_km,density_kg_m3,temperature_k,pressure_pa
1,59.858600,17.638900,0.000,0.000,0.06972440,213.873,4280.528
2,59.972773,17.586291,13.030,13.073,0.06970915,213.868,4279.501
3,60.086932,17.533304,26.060,26.148,0.06969365,213.863,4278.456
4,60.201077,17.479921,39.092,39.223,0.06967843,213.859,4277.427
5,60.315206,17.426129,52.125,52.300,0.06966333,213.854,4276.401
6,60.429314,17.371911,65.159,65.377,0.06964816,213.849,4275.370
7,60.543402,17.317253,78.193,78.455,0.06963301,213.844,4274.338
8,60.657466,17.262137,91.228,91.534,0.06961772,213.838,4273.295
9,60.771506,17.206548,104.265,104.614,0.06960277,213.833,4272.271
10,60.885517,17.150470,117.301,117.694,0.06958763,213.828,4271.234
11,60.999500,17.093885,130.339,130.775,0.06957267,213.822,4270.207
12,61.113451,17.036776,143.377,143.857,0.06955787,213.817,4269.186
13,61.227369,16.979127,156.416,156.940,0.06954280,213.811,4268.147
14,61.341253,16.920919,169.455,170.023,0.06952813,213.805,4267.133
15,61.455100,16.862135,182.495,183.107,0.06951326,213.799,4266.103
16,61.568908,16.802757,195.536,196.191,0.06949860,213.793,4265.084
17,61.682676,16.742766,208.578,209.276,0.06948387,213.787,4264.059
18,61.796403,16.682144,221.620,222.362,0.06946936,213.781,4263.047
19,61.910085,16.620871,234.663,235.449,0.06945475,213.775,4262.028
20,62.023723,16.558928,247.707,248.537,0.06944017,213.769,4261.008
21,62.137314,16.496295,260.752,261.626,0.06942566,213.762,4259.992
22,62.250857,16.432954,273.798,274.715,0.06941127,213.756,4258.981
23,62.364349,16.368882,286.845,287.806,0.06939696,213.749,4257.973
24,62.477790,16.304060,299.893,300.897,0.06938250,213.743,4256.957
25,62.591179,16.238467,312.942,313.990,0.06936834,213.736,4255.957
26,62.704513,16.172081,325.993,327.085,0.06935409,213.730,4254.950
27,62.817791,16.104881,339.045,340.180,0.06933986,213.723,4253.941
28,62.931012,16.036844,352.099,353.278,0.06932582,213.716,4252.945
29,63.044174,15.967948,365.154,366.377,0.06931186,213.709,4251.953
30,63.157276,15.898171,378.211,379.477,0.06929789,213.702,4250.959
31,63.270317,15.827488,391.270,392.580,0.06928400,213.695,4249.969
32,63.383295,15.755877,404.331,405.685,0.06926983,213.688,4248.960
33,63.496209,15.683314,417.395,418.793,0.06925607,213.681,4247.976
34,63.609058,15.609774,430.461,431.902,0.06924232,213.674,4246.992
35,63.721840,15.535232,443.529,445.015,0.06922870,213.667,4246.015
36,63.834554,15.459662,456.601,458.130,0.06921507,213.660,4245.038
37,63.947199,15.383040,469.676,471.249,0.06920134,213.653,4244.051
38,64.059773,15.305342,482.754,484.370,0.06918778,213.646,4243.076
39,64.172276,15.226559,495.835,497.496,0.06917423,213.638,4242.101
40,64.284708,15.146689,508.920,510.624,0.06916068,213.631,4241.125
41,64.397068,15.065730,522.007,523.756,0.06914739,213.624,4240.165
42,64.509356,14.983682,535.099,536.891,0.06913412,213.616,4239.206
43,64.621572,14.900540,548.193,550.029,0.06912091,213.609,4238.249
44,64.733714,14.816304,561.290,563.170,0.06910758,213.602,4237.285
45,64.845784,14.730971,574.391,576.314,0.06909449,213.594,4236.337
46,64.957779,14.644539,587.494,589.462,0.06908137,213.587,4235.385
47,65.069701,14.557006,600.601,602.612,0.06906822,213.579,4234.431
48,65.181548,14.468370,613.711,615.766,0.06905522,213.572,4233.487
49,65.293320,14.378628,626.823,628.922,0.06904242,213.565,4232.556
50,65.405016,14.287779,639.938,642.082,0.06902950,213.557,4231.616
51,65.516637,14.195819,653.057,655.244,0.06901663,213.550,4230.680
52,65.628182,14.102747,666.177,668.408,0.06900384,213.542,4229.748
53,65.739650,14.008559,679.301,681.576,0.06899111,213.535,4228.821
54,65.851041,13.913254,692.427,694.746,0.06897858,213.527,4227.906
55,65.962354,13.816829,705.555,707.918,0.06896592,213.520,4226.983
56,66.073589,13.719282,718.686,721.093,0.06895334,213.513,4226.065
57,66.184746,13.620609,731.820,734.271,0.06894081,213.505,4225.151
58,66.295825,13.520809,744.956,747.450,0.06892835,213.498,4224.242
59,66.406824,13.419878,758.093,760.632,0.06891596,213.490,4223.336
60,66.517743,13.317814,771.233,773.816,0.06890365,213.483,4222.438
61,66.628582,13.214614,784.376,787.002,0.06889133,213.476,4221.537
62,66.739340,13.110275,797.520,800.190,0.06887902,213.468,4220.640
63,66.850018,13.004795,810.665,813.380,0.06886683,213.461,4219.750
64,66.960614,12.898170,823.813,826.572,0.06885472,213.454,4218.864
65,67.071128,12.790397,836.963,839.765,0.06884268,213.447,4217.984
66,67.181559,12.681474,850.114,852.961,0.06883056,213.440,4217.100
67,67.291908,12.571397,863.266,866.157,0.06881858,213.433,4216.226
68,67.402174,12.460163,876.420,879.355,0.06880662,213.425,4215.353
69,67.512356,12.347769,889.575,892.554,0.06879477,213.418,4214.487
70,67.622455,12.234212,902.732,905.755,0.06878300,213.411,4213.628
71,67.732468,12.119488,915.889,918.956,0.06877115,213.404,4212.766
72,67.842397,12.003594,929.048,932.159,0.06875938,213.398,4211.908
73,67.952241,11.886527,942.207,945.363,0.06874768,213.391,4211.058
74,68.061999,11.768284,955.368,958.567,0.06873611,213.384,4210.215
75,68.171671,11.648859,968.529,971.772,0.06872435,213.377,4209.361
76,68.281257,11.528251,981.690,984.978,0.06871285,213.371,4208.525
77,68.390755,11.406455,994.853,998.184,0.06870148,213.364,4207.700
78,68.500167,11.283468,1008.015,1011.391,0.06868990,213.357,4206.861
79,68.609491,11.159286,1021.178,1024.598,0.06867855,213.351,4206.038
80,68.718728,11.033905,1034.341,1037.805,0.06866725,213.345,4205.219
81,68.827876,10.907320,1047.505,1051.013,0.06865589,213.338,4204.399
82,68.936935,10.779529,1060.668,1064.220,0.06864460,213.332,4203.584
83,69.045906,10.650526,1073.831,1077.427,0.06863330,213.326,4202.771
84,69.154788,10.520309,1086.994,1090.634,0.06862208,213.320,4201.964
85,69.263580,10.388872,1100.156,1103.841,0.06861100,213.314,4201.167
86,69.372282,10.256211,1113.319,1117.047,0.06860003,213.308,4200.377
87,69.480894,10.122322,1126.480,1130.253,0.06858894,213.302,4199.583
88,69.589416,9.987200,1139.641,1143.458,0.06857799,213.296,4198.799
89,69.697848,9.850841,1152.801,1156.662,0.06856697,213.290,4198.012
90,69.806188,9.713240,1165.961,1169.865,0.06855601,213.285,4197.231
91,69.914438,9.574392,1179.119,1183.068,0.06854519,213.279,4196.461
92,70.022596,9.434293,1192.276,1196.269,0.06853438,213.274,4195.692
93,70.130663,9.292937,1205.432,1209.469,0.06852370,213.268,4194.933
94,70.238639,9.150319,1218.587,1222.668,0.06851288,213.263,4194.168
95,70.346522,9.006435,1231.741,1235.866,0.06850220,213.258,4193.414
96,70.454313,8.861279,1244.893,1249.062,0.06849158,213.253,4192.665
97,70.562013,8.714846,1258.043,1262.256,0.06848083,213.248,4191.911
98,70.669620,8.567130,1271.192,1275.449,0.06847030,213.243,4191.171
99,70.777135,8.418125,1284.339,1288.640,0.06845981,213.239,4190.437
100,70.884557,8.267826,1297.484,1301.829,0.06844921,213.234,4189.698
101,70.991887,8.116227,1310.627,1315.016,0.06843900,213.230,4188.985
102,71.099125,7.963323,1323.768,1328.201,0.06842852,213.225,4188.258
103,71.206269,7.809106,1336.907,1341.384,0.06841798,213.221,4187.529
104,71.313321,7.653571,1350.044,1354.565,0.06840778,213.217,4186.824
105,71.420281,7.496711,1363.178,1367.743,0.06839751,213.213,4186.116
106,71.527148,7.338520,1376.310,1380.919,0.06838711,213.209,4185.403
107,71.633922,7.178991,1389.439,1394.092,0.06837684,213.205,4184.701
108,71.740604,7.018118,1402.566,1407.263,0.06836683,213.202,4184.017
109,71.847193,6.855893,1415.690,1420.431,0.06835656,213.198,4183.320
110,71.953690,6.692309,1428.811,1433.596,0.06834649,213.195,4182.637
111,72.060095,6.527359,1441.929,1446.758,0.06833643,213.191,4181.958
112,72.166408,6.361035,1455.044,1459.917,0.06832643,213.188,4181.283
113,72.272629,6.193330,1468.157,1473.073,0.06831631,213.185,4180.606
114,72.378758,6.024236,1481.266,1486.226,0.06830637,213.182,4179.940
115,72.484795,5.853745,1494.372,1499.376,0.06829644,213.180,4179.279
116,72.590742,5.681848,1507.475,1512.523,0.06828645,213.177,4178.617
117,72.696597,5.508537,1520.574,1525.666,0.06827652,213.175,4177.961
118,72.802361,5.333804,1533.670,1538.806,0.06826673,213.172,4177.317
119,72.908035,5.157639,1546.763,1551.943,0.06825694,213.170,4176.676
120,73.013619,4.980034,1559.852,1565.076,0.06824715,213.168,4176.037
121,73.119113,4.800978,1572.937,1578.205,0.06823756,213.166,4175.413
122,73.224517,4.620463,1586.019,1591.331,0.06822763,213.164,4174.771
123,73.329832,4.438478,1599.097,1604.453,0.06821791,213.163,4174.145
124,73.435059,4.255014,1612.172,1617.571,0.06820839,213.161,4173.534
125,73.540197,4.070060,1625.243,1630.685,0.06819868,213.160,4172.915
126,73.645248,3.883605,1638.309,1643.796,0.06818916,213.159,4172.309
127,73.750211,3.695638,1651.372,1656.903,0.06817950,213.158,4171.698
128,73.855088,3.506148,1664.432,1670.006,0.06816993,213.157,4171.096
129,73.959879,3.315123,1677.487,1683.105,0.06816049,213.156,4170.505
130,74.064583,3.122552,1690.538,1696.200,0.06815097,213.156,4169.913
131,74.169203,2.928422,1703.585,1709.290,0.06814178,213.156,4169.343
132,74.273738,2.732720,1716.629,1722.377,0.06813221,213.155,4168.752
133,74.378190,2.535433,1729.668,1735.460,0.06812264,213.155,4168.167
134,74.482558,2.336549,1742.703,1748.539,0.06811345,213.155,4167.606
135,74.586844,2.136052,1755.734,1761.614,0.06810402,213.156,4167.034
136,74.691048,1.933930,1768.761,1774.685,0.06809471,213.156,4166.472
137,74.795172,1.730167,1781.784,1787.751,0.06808534,213.157,4165.911
138,74.899215,1.524748,1794.803,1800.814,0.06807616,213.157,4165.364
139,75.003179,1.317657,1807.818,1813.872,0.06806693,213.158,4164.816
140,75.107064,1.108879,1820.828,1826.926,0.06805769,213.159,4164.271
141,75.210871,0.898398,1833.835,1839.977,0.06804853,213.161,4163.735
142,75.314602,0.686195,1846.838,1853.023,0.06803930,213.162,4163.199
143,75.418256,0.472253,1859.837,1866.065,0.06803019,213.164,4162.673
144,75.521836,0.256555,1872.831,1879.103,0.06802090,213.165,4162.138
145,75.625342,0.039081,1885.822,1892.137,0.06801181,213.167,4161.620
146,75.728774,-0.180187,1898.809,1905.168,0.06800272,213.169,4161.104
147,75.832135,-0.401271,1911.792,1918.194,0.06799369,213.172,4160.595
148,75.935424,-0.624190,1924.771,1931.217,0.06798473,213.174,4160.096
149,76.038643,-0.848966,1937.746,1944.236,0.06797551,213.177,4159.583
150,76.141794,-1.075622,1950.718,1957.251,0.06796674,213.179,4159.100
151,76.244876,-1.304179,1963.686,1970.262,0.06795759,213.182,4158.598
152,76.347892,-1.534661,1976.650,1983.270,0.06794864,213.186,4158.112
153,76.450843,-1.767093,1989.611,1996.274,0.06793970,213.189,4157.629
154,76.553729,-2.001501,2002.568,2009.275,0.06793074,213.192,4157.150
155,76.656552,-2.237909,2015.522,2022.272,0.06792173,213.196,4156.669
156,76.759312,-2.476346,2028.473,2035.266,0.06791292,213.200,4156.206
157,76.862012,-2.716839,2041.421,2048.257,0.06790409,213.204,4155.744
158,76.964653,-2.959417,2054.365,2061.245,0.06789516,213.208,4155.280
159,77.067235,-3.204111,2067.307,2074.230,0.06788615,213.213,4154.813
160,77.169760,-3.450951,2080.245,2087.212,0.06787747,213.217,4154.371
161,77.272230,-3.699970,2093.181,2100.191,0.06786861,213.222,4153.921
162,77.374645,-3.951201,2106.114,2113.168,0.06785980,213.227,4153.478
163,77.477008,-4.204678,2119.045,2126.142,0.06785093,213.232,4153.036
164,77.579318,-4.460439,2131.974,2139.113,0.06784226,213.237,4152.609
165,77.681579,-4.718520,2144.900,2152.083,0.06783346,213.243,4152.177
166,77.783790,-4.978959,2157.824,2165.050,0.06782466,213.248,4151.749
167,77.885954,-5.241798,2170.746,2178.016,0.06781600,213.254,4151.333
168,77.988072,-5.507078,2183.666,2190.979,0.06780721,213.260,4150.912
169,78.090145,-5.774842,2196.585,2203.941,0.06779854,213.267,4150.503
170,78.192174,-6.045136,2209.503,2216.902,0.06778975,213.273,4150.089
171,78.294162,-6.318006,2222.419,2229.862,0.06778109,213.280,4149.688
172,78.396109,-6.593500,2235.334,2242.820,0.06777251,213.286,4149.294
173,78.498016,-6.871671,2248.248,2255.778,0.06776378,213.293,4148.896
174,78.599887,-7.152570,2261.162,2268.734,0.06775507,213.301,4148.502
175,78.701720,-7.436251,2274.075,2281.691,0.06774630,213.308,4148.109
176,78.803519,-7.722774,2286.988,2294.647,0.06773777,213.315,4147.733
177,78.905284,-8.012195,2299.901,2307.603,0.06772913,213.323,4147.355
178,79.007017,-8.304578,2312.814,2320.560,0.06772061,213.331,4146.987
179,79.108719,-8.599988,2325.728,2333.517,0.06771191,213.339,4146.611
180,79.210389,-8.898506,2338.643,2346.474,0.06770334,213.348,4146.250
181,79.312025,-9.200233,2351.558,2359.433,0.06769477,213.356,4145.889
182,79.413622,-9.505272,2364.474,2372.392,0.06768626,213.365,4145.537
183,79.515179,-9.813731,2377.391,2385.353,0.06767763,213.374,4145.181
184,79.616690,-10.125723,2390.309,2398.314,0.06766899,213.383,4144.828
185,79.718153,-10.441362,2403.229,2411.277,0.06766043,213.392,4144.484
186,79.819563,-10.760769,2416.150,2424.241,0.06765173,213.402,4144.136
187,79.920918,-11.084069,2429.072,2437.207,0.06764337,213.411,4143.812
188,80.022212,-11.411392,2441.996,2450.174,0.06763487,213.421,4143.482
189,80.123441,-11.742872,2454.922,2463.143,0.06762632,213.431,4143.153
190,80.224600,-12.078649,2467.850,2476.114,0.06761771,213.441,4142.826
191,80.325686,-12.418868,2480.779,2489.087,0.06760927,213.452,4142.513
192,80.426693,-12.763679,2493.711,2502.062,0.06760080,213.463,4142.201
193,80.527615,-13.113241,2506.645,2515.040,0.06759231,213.473,4141.891
194,80.628448,-13.467714,2519.581,2528.019,0.06758383,213.484,4141.586
195,80.729185,-13.827271,2532.520,2541.001,0.06757561,213.496,4141.301
196,80.829821,-14.192085,2545.461,2553.985,0.06756712,213.507,4141.004
197,80.930349,-14.562342,2558.404,2566.972,0.06755865,213.519,4140.711
198,81.030764,-14.938232,2571.350,2579.962,0.06755024,213.531,4140.427
199,81.131058,-15.319954,2584.299,2592.954,0.06754182,213.543,4140.146
200,81.231223,-15.707715,2597.251,2605.949,0.06753336,213.555,4139.866
201,81.331254,-16.101731,2610.206,2618.947,0.06752515,213.568,4139.605
202,81.431141,-16.502226,2623.164,2631.948,0.06751667,213.581,4139.332
203,81.530877,-16.909434,2636.124,2644.952,0.06750854,213.594,4139.084
204,81.630453,-17.323601,2649.088,2657.960,0.06750033,213.607,4138.835
205,81.729860,-17.744980,2662.055,2670.970,0.06749193,213.620,4138.580
206,81.829089,-18.173836,2675.026,2683.984,0.06748373,213.634,4138.339
207,81.928130,-18.610446,2688.000,2697.002,0.06747546,213.647,4138.099
208,82.026972,-19.055100,2700.977,2710.022,0.06746721,213.661,4137.865
209,82.125605,-19.508098,2713.958,2723.047,0.06745913,213.676,4137.645
210,82.224018,-19.969755,2726.942,2736.074,0.06745100,213.690,4137.424
211,82.322197,-20.440399,2739.930,2749.106,0.06744280,213.705,4137.205
212,82.420132,-20.920372,2752.922,2762.141,0.06743468,213.719,4136.994
213,82.517808,-21.410032,2765.917,2775.180,0.06742661,213.735,4136.791
214,82.615211,-21.909753,2778.917,2788.223,0.06741842,213.750,4136.584
215,82.712328,-22.419924,2791.920,2801.270,0.06741042,213.765,4136.393
216,82.809142,-22.940953,2804.927,2814.321,0.06740236,213.781,4136.203
217,82.905638,-23.473265,2817.939,2827.376,0.06739450,213.797,4136.028
218,83.001799,-24.017304,2830.954,2840.435,0.06738645,213.813,4135.846
219,83.097607,-24.573534,2843.973,2853.498,0.06737852,213.829,4135.676
220,83.193042,-25.142438,2856.997,2866.565,0.06737060,213.846,4135.511
221,83.288085,-25.724524,2870.025,2879.636,0.06736274,213.863,4135.354
222,83.382716,-26.320317,2883.057,2892.712,0.06735481,213.880,4135.195
223,83.476911,-26.930370,2896.093,2905.792,0.06734703,213.897,4135.052
224,83.570649,-27.555257,2909.134,2918.876,0.06733917,213.915,4134.906
225,83.663903,-28.195577,2922.179,2931.965,0.06733144,213.932,4134.774
226,83.756650,-28.851955,2935.228,2945.058,0.06732360,213.950,4134.637
227,83.848860,-29.525043,2948.282,2958.156,0.06731588,213.968,4134.513
228,83.940506,-30.215519,2961.341,2971.258,0.06730828,213.987,4134.402
229,84.031556,-30.924088,2974.404,2984.365,0.06730063,214.005,4134.291
230,84.121980,-31.651485,2987.471,2997.476,0.06729309,214.024,4134.189
231,84.211743,-32.398474,3000.543,3010.592,0.06728545,214.043,4134.088
232,84.300808,-33.165844,3013.620,3023.712,0.06727785,214.062,4133.992
233,84.389139,-33.954418,3026.701,3036.837,0.06727033,214.082,4133.906
234,84.476696,-34.765045,3039.787,3049.967,0.06726293,214.101,4133.831
235,84.563435,-35.598602,3052.878,3063.102,0.06725548,214.121,4133.757
236,84.649314,-36.455997,3065.973,3076.241,0.06724803,214.141,4133.688
237,84.734284,-37.338160,3079.074,3089.385,0.06724070,214.162,4133.628
238,84.818296,-38.246051,3092.178,3102.534,0.06723332,214.182,4133.571
239,84.901298,-39.180649,3105.288,3115.688,0.06722593,214.203,4133.518
240,84.983235,-40.142956,3118.403,3128.846,0.06721880,214.224,4133.485
241,85.064048,-41.133991,3131.522,3142.009,0.06721147,214.245,4133.444
242,85.143677,-42.154785,3144.646,3155.177,0.06720442,214.267,4133.424
243,85.222056,-43.206378,3157.775,3168.350,0.06719721,214.288,4133.398
244,85.299119,-44.289811,3170.909,3181.528,0.06719021,214.310,4133.390
245,85.374793,-45.406121,3184.048,3194.711,0.06718308,214.332,4133.378
246,85.449005,-46.556332,3197.191,3207.898,0.06717596,214.355,4133.371
247,85.521676,-47.741445,3210.340,3221.091,0.06716897,214.377,4133.375
248,85.592725,-48.962428,3223.493,3234.288,0.06716216,214.400,4133.394
249,85.662066,-50.220200,3236.651,3247.491,0.06715523,214.423,4133.411
250,85.729611,-51.515623,3249.815,3260.698,0.06714843,214.446,4133.440
251,85.795267,-52.849482,3262.983,3273.910,0.06714156,214.470,4133.468
252,85.858939,-54.222467,3276.156,3287.127,0.06713495,214.493,4133.518
253,85.920527,-55.635158,3289.333,3300.349,0.06712815,214.517,4133.558
254,85.979932,-57.088003,3302.516,3313.576,0.06712167,214.541,4133.623
255,86.037048,-58.581293,3315.704,3326.808,0.06711493,214.565,4133.676
256,86.091770,-60.115146,3328.896,3340.045,0.06710839,214.590,4133.746
257,86.143990,-61.689480,3342.094,3353.286,0.06710192,214.615,4133.823
258,86.193598,-63.303990,3355.296,3366.533,0.06709544,214.640,4133.905
259,86.240485,-64.958127,3368.504,3379.784,0.06708903,214.665,4133.994
260,86.284544,-66.651077,3381.716,3393.041,0.06708267,214.690,4134.091
261,86.325665,-68.381740,3394.933,3406.302,0.06707633,214.716,4134.193
262,86.363743,-70.148717,3408.155,3419.568,0.06707010,214.742,4134.306
263,86.398676,-71.950296,3421.381,3432.839,0.06706382,214.768,4134.419
264,86.430365,-73.784445,3434.613,3446.115,0.06705761,214.794,4134.542
265,86.458717,-75.648813,3447.849,3459.396,0.06705163,214.820,4134.682
266,86.483646,-77.540731,3461.090,3472.681,0.06704555,214.847,4134.820
267,86.505073,-79.457228,3474.337,3485.972,0.06703965,214.874,4134.974
268,86.522926,-81.395050,3487.587,3499.267,0.06703369,214.901,4135.126
269,86.537145,-83.350687,3500.843,3512.567,0.06702773,214.928,4135.283
270,86.547679,-85.320407,3514.103,3525.872,0.06702201,214.956,4135.459
271,86.554489,-87.300299,3527.368,3539.181,0.06701625,214.983,4135.636
272,86.557546,-89.286318,3540.638,3552.496,0.06701048,215.011,4135.817
273,86.556835,-91.274334,3553.913,3565.815,0.06700471,215.039,4136.001
274,86.552352,-93.260191,3567.192,3579.138,0.06699945,215.068,4136.221
275,86.544108,-95.239756,3580.476,3592.467,0.06699380,215.096,4136.421
276,86.532122,-97.208976,3593.765,3605.800,0.06698828,215.125,4136.632
277,86.516430,-99.163927,3607.058,3619.138,0.06698309,215.154,4136.868
278,86.497074,-101.100863,3620.356,3632.480,0.06697764,215.183,4137.091
279,86.474111,-103.016257,3633.658,3645.827,0.06697225,215.212,4137.321
280,86.447605,-104.906833,3646.965,3659.178,0.06696700,215.242,4137.563
281,86.417631,-106.769599,3660.276,3672.534,0.06696198,215.271,4137.824
282,86.384268,-108.601864,3673.592,3685.895,0.06695698,215.301,4138.091
283,86.347607,-110.401253,3686.913,3699.260,0.06695192,215.331,4138.355
284,86.307739,-112.165708,3700.238,3712.630,0.06694704,215.362,4138.635
285,86.264764,-113.893496,3713.567,3726.004,0.06694204,215.392,4138.912
286,86.218784,-115.583193,3726.901,3739.382,0.06693734,215.423,4139.210
287,86.169901,-117.233678,3740.239,3752.765,0.06693266,215.454,4139.513
288,86.118222,-118.844116,3753.582,3766.152,0.06692790,215.485,4139.815
289,86.063853,-120.413940,3766.928,3779.543,0.06692328,215.516,4140.129
290,86.006899,-121.942826,3780.279,3792.939,0.06691860,215.547,4140.442
291,85.947467,-123.430678,3793.635,3806.339,0.06691410,215.579,4140.771
292,85.885659,-124.877597,3806.994,3819.744,0.06690972,215.611,4141.109
293,85.821578,-126.283864,3820.358,3833.152,0.06690554,215.642,4141.464
294,85.755323,-127.649916,3833.726,3846.565,0.06690124,215.675,4141.815
295,85.686992,-128.976323,3847.098,3859.982,0.06689712,215.707,4142.180
296,85.616677,-130.263767,3860.474,3873.403,0.06689288,215.739,4142.541
297,85.544470,-131.513028,3873.855,3886.828,0.06688902,215.772,4142.927
298,85.470458,-132.724961,3887.239,3900.257,0.06688502,215.805,4143.311
299,85.394726,-133.900483,3900.627,3913.690,0.06688103,215.838,4143.695
300,85.317354,-135.040557,3914.020,3927.127,0.06687737,215.871,4144.104
301,85.238420,-136.146182,3927.416,3940.568,0.06687357,215.904,4144.508
302,85.157996,-137.218381,3940.816,3954.013,0.06686988,215.938,4144.922
303,85.076154,-138.258190,3954.220,3967.462,0.06686627,215.971,4145.343
304,84.992961,-139.266650,3967.628,3980.915,0.06686286,216.005,4145.779
305,84.908481,-140.244801,3981.039,3994.371,0.06685943,216.039,4146.219
306,84.822775,-141.193675,3994.455,4007.832,0.06685594,216.073,4146.656
307,84.735899,-142.114292,4007.874,4021.296,0.06685290,216.107,4147.125
308,84.647910,-143.007653,4021.297,4034.764,0.06684960,216.142,4147.580
309,84.558859,-143.874742,4034.723,4048.235,0.06684649,216.176,4148.049
310,84.468796,-144.716518,4048.153,4061.710,0.06684339,216.211,4148.522
311,84.377767,-145.533914,4061.587,4075.189,0.06684054,216.246,4149.013
312,84.285816,-146.327839,4075.024,4088.671,0.06683762,216.281,4149.503
313,84.192987,-147.099173,4088.464,4102.156,0.06683488,216.316,4150.006
314,84.099318,-147.848767,4101.909,4115.646,0.06683215,216.351,4150.513
315,84.004848,-148.577444,4115.356,4129.138,0.06682956,216.386,4151.030
316,83.909612,-149.285997,4128.807,4142.634,0.06682709,216.422,4151.557
317,83.813644,-149.975191,4142.261,4156.134,0.06682462,216.457,4152.087
318,83.716977,-150.645763,4155.719,4169.636,0.06682225,216.493,4152.625
319,83.619641,-151.298420,4169.180,4183.142,0.06682009,216.529,4153.180
320,83.521664,-151.933842,4182.644,4196.652,0.06681780,216.565,4153.728
321,83.423075,-152.552682,4196.112,4210.164,0.06681576,216.601,4154.294
322,83.323899,-153.155567,4209.582,4223.680,0.06681366,216.637,4154.858
323,83.224160,-153.743099,4223.056,4237.198,0.06681175,216.674,4155.437
324,83.123883,-154.315852,4236.532,4250.720,0.06681003,216.710,4156.029
325,83.023090,-154.874380,4250.012,4264.245,0.06680817,216.747,4156.615
326,82.921801,-155.419213,4263.495,4277.773,0.06680645,216.783,4157.211
327,82.820037,-155.950861,4276.981,4291.304,0.06680505,216.820,4157.830
328,82.717815,-156.469816,4290.470,4304.838,0.06680338,216.857,4158.432
329,82.615155,-156.976549,4303.962,4318.376,0.06680211,216.894,4159.063
330,82.512073,-157.471509,4317.457,4331.916,0.06680070,216.931,4159.686
331,82.408584,-157.955128,4330.956,4345.460,0.06679959,216.968,4160.329
332,82.304705,-158.427818,4344.457,4359.006,0.06679849,217.006,4160.976
333,82.200449,-158.889974,4357.962,4372.556,0.06679741,217.043,4161.624
334,82.095831,-159.341974,4371.470,4386.110,0.06679642,217.080,4162.280
335,81.990864,-159.784179,4384.981,4399.666,0.06679578,217.118,4162.960
336,81.885559,-160.216936,4398.496,4413.226,0.06679492,217.156,4163.627
337,81.779929,-160.640576,4412.014,4426.790,0.06679434,217.193,4164.313
338,81.673986,-161.055418,4425.536,4440.356,0.06679375,217.231,4165.000
339,81.567740,-161.461764,4439.061,4453.927,0.06679334,217.269,4165.699
340,81.461201,-161.859907,4452.589,4467.500,0.06679280,217.307,4166.391
341,81.354380,-162.250126,4466.121,4481.077,0.06679258,217.345,4167.106
342,81.247285,-162.632688,4479.656,4494.658,0.06679243,217.383,4167.825
343,81.139926,-163.007850,4493.195,4508.242,0.06679240,217.421,4168.553
344,81.032311,-163.375858,4506.737,4521.830,0.06679243,217.459,4169.286
345,80.924448,-163.736947,4520.283,4535.421,0.06679259,217.497,4170.028
346,80.816345,-164.091344,4533.832,4549.016,0.06679268,217.535,4170.767
347,80.708011,-164.439266,4547.385,4562.614,0.06679304,217.573,4171.522
348,80.599451,-164.780920,4560.942,4576.216,0.06679351,217.612,4172.286
349,80.490672,-165.116508,4574.502,4589.821,0.06679385,217.650,4173.042
350,80.381682,-165.446220,4588.066,4603.431,0.06679456,217.688,4173.823
351,80.272487,-165.770242,4601.633,4617.043,0.06679516,217.727,4174.597
352,80.163093,-166.088749,4615.204,4630.660,0.06679601,217.765,4175.388
353,80.053505,-166.401913,4628.779,4644.280,0.06679693,217.804,4176.183
354,79.943729,-166.709897,4642.357,4657.904,0.06679796,217.842,4176.986
355,79.833770,-167.012857,4655.939,4671.531,0.06679905,217.881,4177.792
356,79.723634,-167.310946,4669.525,4685.163,0.06680027,217.919,4178.608
357,79.613326,-167.604309,4683.114,4698.798,0.06680156,217.958,4179.428
358,79.502850,-167.893085,4696.707,4712.436,0.06680303,217.996,4180.259
359,79.392211,-168.177410,4710.304,4726.079,0.06680445,218.035,4181.089
360,79.281414,-168.457412,4723.905,4739.725,0.06680617,218.074,4181.937
361,79.170462,-168.733217,4737.509,4753.375,0.06680783,218.112,4182.780
362,79.059360,-169.004945,4751.117,4767.028,0.06680961,218.151,4183.631
363,78.948111,-169.272712,4764.729,4780.685,0.06681152,218.189,4184.490
364,78.836720,-169.536630,4778.344,4794.346,0.06681363,218.228,4185.362
365,78.725190,-169.796805,4791.963,4808.011,0.06681573,218.267,4186.232
366,78.613525,-170.053343,4805.586,4821.679,0.06681801,218.305,4187.114
367,78.501728,-170.306342,4819.212,4835.351,0.06682030,218.344,4187.997
368,78.389803,-170.555899,4832.843,4849.027,0.06682278,218.382,4188.890
369,78.277753,-170.802109,4846.476,4862.707,0.06682531,218.420,4189.786
370,78.165580,-171.045059,4860.114,4876.390,0.06682803,218.459,4190.695
371,78.053289,-171.284838,4873.755,4890.077,0.06683064,218.497,4191.594
372,77.940881,-171.521529,4887.400,4903.768,0.06683368,218.536,4192.521
373,77.828360,-171.755214,4901.049,4917.462,0.06683665,218.574,4193.442
374,77.715728,-171.985969,4914.701,4931.160,0.06683969,218.612,4194.367
375,77.602989,-172.213872,4928.357,4944.862,0.06684291,218.650,4195.303
376,77.490144,-172.438995,4942.017,4958.567,0.06684627,218.689,4196.245
377,77.377197,-172.661408,4955.680,4972.276,0.06684954,218.727,4197.182
378,77.264149,-172.881181,4969.347,4985.989,0.06685316,218.765,4198.139
379,77.151004,-173.098378,4983.018,4999.705,0.06685677,218.803,4199.095
380,77.037763,-173.313065,4996.692,5013.425,0.06686043,218.841,4200.052
381,76.924428,-173.525303,5010.369,5027.149,0.06686416,218.878,4201.011
382,76.811003,-173.735152,5024.051,5040.876,0.06686833,218.916,4201.999
383,76.697488,-173.942670,5037.735,5054.606,0.06687223,218.954,4202.967
384,76.583887,-174.147913,5051.424,5068.341,0.06687647,218.991,4203.955
385,76.470201,-174.350936,5065.116,5082.078,0.06688090,219.029,4204.954
386,76.356432,-174.551791,5078.811,5095.820,0.06688499,219.066,4205.929
387,76.242582,-174.750530,5092.510,5109.564,0.06688973,219.104,4206.945
388,76.128653,-174.947202,5106.212,5123.312,0.06689428,219.141,4207.945
389,76.014647,-175.141856,5119.918,5137.064,0.06689900,219.178,4208.955
390,75.900566,-175.334537,5133.627,5150.819,0.06690392,219.215,4209.974
391,75.786411,-175.525291,5147.340,5164.578,0.06690884,219.252,4210.993
392,75.672185,-175.714162,5161.055,5178.339,0.06691389,219.289,4212.018
393,75.557888,-175.901193,5174.775,5192.105,0.06691900,219.325,4213.043
394,75.443523,-176.086424,5188.497,5205.873,0.06692422,219.362,4214.074
395,75.329092,-176.269896,5202.223,5219.645,0.06692971,219.398,4215.119
396,75.214595,-176.451648,5215.952,5233.420,0.06693513,219.435,4216.157
397,75.100035,-176.631718,5229.685,5247.198,0.06694075,219.471,4217.206
398,74.985412,-176.810141,5243.420,5260.980,0.06694654,219.507,4218.263
399,74.870730,-176.986955,5257.159,5274.765,0.06695240,219.543,4219.321
400,74.755988,-177.162194,5270.901,5288.553,0.06695833,219.578,4220.381
401,74.641189,-177.335892,5284.646,5302.344,0.06696445,219.614,4221.450
402,74.526334,-177.508080,5298.394,5316.138,0.06697050,219.649,4222.512
403,74.411424,-177.678792,5312.145,5329.935,0.06697686,219.685,4223.590
404,74.296461,-177.848058,5325.899,5343.735,0.06698330,219.720,4224.671
405,74.181447,-178.015908,5339.657,5357.539,0.06698972,219.755,4225.748
406,74.066381,-178.182372,5353.417,5371.345,0.06699641,219.789,4226.838
407,73.951267,-178.347478,5367.180,5385.154,0.06700308,219.824,4227.924
408,73.836105,-178.511254,5380.946,5398.966,0.06700996,219.858,4229.019
409,73.720897,-178.673727,5394.715,5412.781,0.06701700,219.892,4230.123
410,73.605643,-178.834924,5408.486,5426.599,0.06702401,219.927,4231.219
411,73.490346,-178.994869,5422.261,5440.420,0.06703120,219.960,4232.324
412,73.375006,-179.153589,5436.038,5454.243,0.06703857,219.994,4233.437
413,73.259625,-179.311107,5449.818,5468.069,0.06704601,220.027,4234.551
414,73.144203,-179.467447,5463.601,5481.898,0.06705356,220.061,4235.667
415,73.028743,-179.622632,5477.386,5495.729,0.06706113,220.094,4236.781
416,72.913245,-179.776686,5491.174,5509.563,0.06706895,220.126,4237.907
417,72.797711,-179.929628,5504.964,5523.400,0.06707676,220.159,4239.028
418,72.682141,179.918518,5518.757,5537.239,0.06708477,220.192,4240.158
419,72.566537,179.767732,5532.552,5551.080,0.06709284,220.224,4241.288
420,72.450900,179.617994,5546.350,5564.924,0.06710122,220.256,4242.433
421,72.335232,179.469283,5560.150,5578.770,0.06710942,220.287,4243.562
422,72.219533,179.321581,5573.952,5592.619,0.06711792,220.319,4244.706
423,72.103804,179.174869,5587.757,5606.470,0.06712650,220.350,4245.850
424,71.988047,179.029128,5601.564,5620.323,0.06713507,220.381,4246.990
425,71.872263,178.884339,5615.373,5634.179,0.06714398,220.412,4248.146
426,71.756452,178.740486,5629.184,5648.036,0.06715274,220.442,4249.289
427,71.640617,178.597552,5642.998,5661.896,0.06716189,220.473,4250.451
428,71.524758,178.455518,5656.813,5675.758,0.06717096,220.503,4251.604
429,71.408875,178.314370,5670.631,5689.621,0.06718023,220.532,4252.764
430,71.292971,178.174091,5684.450,5703.487,0.06718962,220.562,4253.927
431,71.177047,178.034666,5698.272,5717.355,0.06719902,220.591,4255.085
432,71.061102,177.896078,5712.095,5731.224,0.06720874,220.620,4256.258
433,70.945140,177.758314,5725.920,5745.096,0.06721840,220.649,4257.424
434,70.829159,177.621359,5739.747,5758.969,0.06722824,220.677,4258.595
435,70.713162,177.485198,5753.575,5772.844,0.06723826,220.705,4259.771
436,70.597150,177.349817,5767.406,5786.720,0.06724812,220.733,4260.933
437,70.481124,177.215204,5781.237,5800.598,0.06725842,220.760,4262.117
438,70.365084,177.081343,5795.071,5814.478,0.06726864,220.788,4263.290
439,70.249032,176.948223,5808.906,5828.359,0.06727899,220.815,4264.466
440,70.132969,176.815831,5822.742,5842.242,0.06728960,220.841,4265.654
441,70.016895,176.684154,5836.580,5856.126,0.06730007,220.868,4266.826
442,69.900812,176.553180,5850.419,5870.011,0.06731094,220.894,4268.018
443,69.784722,176.422896,5864.259,5883.898,0.06732167,220.919,4269.195
444,69.668624,176.293292,5878.101,5897.786,0.06733285,220.945,4270.395
445,69.552519,176.164356,5891.944,5911.675,0.06734364,220.970,4271.563
446,69.436410,176.036076,5905.788,5925.566,0.06735477,220.994,4272.749
447,69.320297,175.908442,5919.633,5939.457,0.06736620,221.019,4273.946
448,69.204180,175.781442,5933.479,5953.349,0.06737751,221.043,4275.130
449,69.088062,175.655067,5947.326,5967.243,0.06738907,221.067,4276.324
450,68.971942,175.529305,5961.173,5981.137,0.06740063,221.090,4277.511
451,68.855822,175.404147,5975.022,5995.032,0.06741253,221.113,4278.712
452,68.739703,175.279583,5988.872,6008.928,0.06742429,221.136,4279.901
453,68.623586,175.155603,6002.722,6022.825,0.06743623,221.159,4281.093
454,68.507472,175.032198,6016.573,6036.722,0.06744825,221.181,4282.283
455,68.391362,174.909358,6030.424,6050.620,0.06746052,221.202,4283.483
456,68.275257,174.787074,6044.276,6064.518,0.06747279,221.224,4284.676
457,68.159157,174.665337,6058.129,6078.417,0.06748512,221.245,4285.867
458,68.043065,174.544138,6071.982,6092.316,0.06749758,221.265,4287.058
459,67.926980,174.423469,6085.835,6106.216,0.06751025,221.286,4288.256
460,67.810904,174.303321,6099.689,6120.116,0.06752283,221.306,4289.442
461,67.694837,174.183685,6113.543,6134.016,0.06753576,221.325,4290.643
462,67.578782,174.064555,6127.397,6147.917,0.06754860,221.345,4291.832
463,67.462738,173.945921,6141.251,6161.818,0.06756178,221.363,4293.034
464,67.346707,173.827775,6155.105,6175.718,0.06757488,221.382,4294.224
465,67.230690,173.710111,6168.959,6189.619,0.06758806,221.400,4295.413
466,67.114687,173.592921,6182.814,6203.519,0.06760143,221.418,4296.607
467,66.998700,173.476196,6196.668,6217.420,0.06761492,221.435,4297.800
468,66.882730,173.359930,6210.522,6231.320,0.06762854,221.452,4298.995
469,66.766777,173.244116,6224.375,6245.220,0.06764210,221.468,4300.178
470,66.650842,173.128746,6238.229,6259.120,0.06765606,221.485,4301.380
471,66.534928,173.013814,6252.082,6273.019,0.06766987,221.500,4302.564
472,66.419034,172.899313,6265.934,6286.918,0.06768389,221.516,4303.754
473,66.303161,172.785236,6279.786,6300.817,0.06769796,221.531,4304.941
474,66.187311,172.671576,6293.638,6314.715,0.06771211,221.545,4306.124
475,66.071484,172.558328,6307.489,6328.612,0.06772645,221.560,4307.311
476,65.955681,172.445484,6321.339,6342.508,0.06774092,221.573,4308.500
477,65.839904,172.333039,6335.188,6356.404,0.06775545,221.587,4309.685
478,65.724153,172.220987,6349.037,6370.299,0.06776999,221.600,4310.862
479,65.608430,172.109321,6362.884,6384.193,0.06778477,221.612,4312.046
480,65.492735,171.998035,6376.731,6398.086,0.06779952,221.624,4313.221
481,65.377069,171.887125,6390.577,6411.978,0.06781450,221.636,4314.402
482,65.261433,171.776583,6404.421,6425.869,0.06782930,221.647,4315.564
483,65.145828,171.666404,6418.265,6439.759,0.06784456,221.658,4316.748
484,65.030256,171.556584,6432.107,6453.648,0.06785994,221.669,4317.931
485,64.914716,171.447116,6445.948,6467.535,0.06787512,221.679,4319.093
486,64.799211,171.337994,6459.788,6481.421,0.06789051,221.689,4320.260
487,64.683741,171.229215,6473.626,6495.306,0.06790603,221.698,4321.428
488,64.568306,171.120772,6487.463,6509.189,0.06792161,221.707,4322.591
489,64.452909,171.012660,6501.298,6523.070,0.06793733,221.715,4323.755
490,64.337549,170.904875,6515.132,6536.950,0.06795317,221.723,4324.919
491,64.222229,170.797411,6528.964,6550.829,0.06796902,221.731,4326.075
492,64.106948,170.690264,6542.794,6564.705,0.06798492,221.738,4327.226
493,63.991708,170.583429,6556.622,6578.580,0.06800110,221.744,4328.386
494,63.876509,170.476901,6570.449,6592.453,0.06801727,221.751,4329.537
495,63.761354,170.370675,6584.274,6606.324,0.06803358,221.756,4330.688
496,63.646242,170.264746,6598.096,6620.193,0.06804989,221.762,4331.832
497,63.531174,170.159111,6611.917,6634.060,0.06806627,221.767,4332.971
498,63.416153,170.053765,6625.735,6647.924,0.06808290,221.771,4334.118
499,63.301178,169.948704,6639.551,6661.787,0.06809954,221.775,4335.258
500,63.186250,169.843922,6653.365,6675.647,0.06811625,221.779,4336.392
501,63.071371,169.739416,6667.177,6689.505,0.06813309,221.782,4337.526
502,62.956541,169.635182,6680.986,6703.360,0.06815000,221.785,4338.657
503,62.841761,169.531215,6694.793,6717.213,0.06816697,221.787,4339.783
504,62.727033,169.427512,6708.597,6731.064,0.06818401,221.789,4340.905
505,62.612357,169.324068,6722.399,6744.912,0.06820131,221.791,4342.034
506,62.497735,169.220879,6736.198,6758.757,0.06821855,221.792,4343.152
507,62.383166,169.117942,6749.994,6772.600,0.06823599,221.792,4344.273
508,62.268653,169.015253,6763.788,6786.439,0.06825323,221.792,4345.375
509,62.154196,168.912807,6777.578,6800.276,0.06827082,221.792,4346.487
510,62.039796,168.810602,6791.366,6814.110,0.06828852,221.791,4347.599
511,61.925454,168.708632,6805.151,6827.941,0.06830610,221.790,4348.695
512,61.811171,168.606896,6818.933,6841.769,0.06832381,221.788,4349.791
513,61.696948,168.505388,6832.711,6855.594,0.06834187,221.786,4350.899
514,61.582785,168.404106,6846.487,6869.415,0.06835964,221.784,4351.981
515,61.468685,168.303046,6860.259,6883.233,0.06837761,221.781,4353.067
516,61.354647,168.202205,6874.028,6897.048,0.06839573,221.777,4354.153
517,61.240673,168.101578,6887.793,6910.860,0.06841391,221.774,4355.236
518,61.126763,168.001164,6901.556,6924.668,0.06843211,221.769,4356.310
519,61.012919,167.900957,6915.314,6938.473,0.06845056,221.765,4357.393
520,60.899142,167.800956,6929.069,6952.274,0.06846888,221.759,4358.458
521,60.785432,167.701157,6942.821,6966.072,0.06848735,221.754,4359.522
522,60.671791,167.601556,6956.568,6979.865,0.06850593,221.748,4360.586
523,60.558219,167.502150,6970.312,6993.655,0.06852458,221.741,4361.647
524,60.444717,167.402937,6984.053,7007.442,0.06854326,221.734,4362.699
525,60.331287,167.303913,6997.789,7021.224,0.06856219,221.727,4363.760
526,60.217928,167.205075,7011.521,7035.002,0.06858106,221.719,4364.808
527,60.104643,167.106420,7025.250,7048.777,0.06860000,221.711,4365.851
528,59.991432,167.007945,7038.974,7062.547,0.06861887,221.702,4366.880
529,59.878296,166.909647,7052.694,7076.313,0.06863794,221.693,4367.917
530,59.765236,166.811523,7066.411,7090.075,0.06865703,221.684,4368.942
531,59.652252,166.713570,7080.122,7103.833,0.06867644,221.674,4369.981
532,59.539347,166.615786,7093.830,7117.587,0.06869560,221.663,4370.996
533,59.426520,166.518168,7107.533,7131.336,0.06871495,221.653,4372.013
534,59.313773,166.420712,7121.232,7145.080,0.06873438,221.641,4373.028
535,59.201106,166.323416,7134.926,7158.821,0.06875380,221.630,4374.033
536,59.088521,166.226278,7148.616,7172.556,0.06877336,221.618,4375.039
537,58.976018,166.129294,7162.301,7186.287,0.06879306,221.605,4376.046
538,58.863599,166.032461,7175.982,7200.014,0.06881270,221.592,4377.038
539,58.751264,165.935779,7189.658,7213.735,0.06883247,221.579,4378.033
540,58.639014,165.839242,7203.329,7227.452,0.06885218,221.565,4379.013
541,58.526851,165.742850,7216.995,7241.164,0.06887197,221.551,4379.992
542,58.414774,165.646599,7230.656,7254.871,0.06889194,221.536,4380.973
543,58.302785,165.550487,7244.313,7268.574,0.06891194,221.521,4381.946
544,58.190885,165.454511,7257.964,7282.271,0.06893194,221.506,4382.914
545,58.079075,165.358669,7271.611,7295.963,0.06895206,221.490,4383.878
546,57.967356,165.262958,7285.252,7309.650,0.06897233,221.473,4384.844
547,57.855728,165.167377,7298.888,7323.332,0.06899240,221.457,4385.790
548,57.744193,165.071921,7312.519,7337.009,0.06901261,221.440,4386.736
549,57.632751,164.976590,7326.145,7350.680,0.06903303,221.422,4387.688
550,57.521403,164.881381,7339.766,7364.346,0.06905337,221.404,4388.626
551,57.410151,164.786291,7353.381,7378.007,0.06907387,221.386,4389.566
552,57.298995,164.691318,7366.990,7391.662,0.06909436,221.367,4390.497
553,57.187935,164.596460,7380.595,7405.312,0.06911480,221.348,4391.418
554,57.076974,164.501714,7394.193,7418.956,0.06913549,221.329,4392.345
555,56.966112,164.407078,7407.786,7432.594,0.06915613,221.309,4393.263
556,56.855349,164.312551,7421.374,7446.227,0.06917678,221.289,4394.172
557,56.744686,164.218129,7434.956,7459.855,0.06919751,221.268,4395.080
558,56.634126,164.123810,7448.532,7473.476,0.06921829,221.247,4395.981
559,56.523667,164.029593,7462.102,7487.092,0.06923909,221.226,4396.876
560,56.413312,163.935474,7475.667,7500.702,0.06925988,221.204,4397.763
561,56.303061,163.841453,7489.225,7514.306,0.06928090,221.182,4398.657
562,56.192915,163.747527,7502.778,7527.904,0.06930171,221.159,4399.530
563,56.082875,163.653693,7516.325,7541.497,0.06932279,221.136,4400.411
564,55.972941,163.559950,7529.866,7555.083,0.06934394,221.113,4401.289
565,55.863115,163.466295,7543.401,7568.663,0.06936484,221.089,4402.145
566,55.753398,163.372727,7556.929,7582.237,0.06938607,221.065,4403.015
567,55.643790,163.279243,7570.452,7595.805,0.06940717,221.041,4403.867
568,55.534292,163.185841,7583.968,7609.366,0.06942849,221.016,4404.727
569,55.424906,163.092520,7597.478,7622.922,0.06944967,220.991,4405.571
570,55.315631,162.999277,7610.982,7636.471,0.06947087,220.965,4406.407
571,55.206469,162.906110,7624.480,7650.014,0.06949225,220.940,4407.249
572,55.097421,162.813018,7637.971,7663.550,0.06951378,220.913,4408.092
573,54.988487,162.719998,7651.456,7677.080,0.06953493,220.887,4408.904
574,54.879668,162.627049,7664.935,7690.604,0.06955647,220.860,4409.733
575,54.770966,162.534168,7678.407,7704.121,0.06957790,220.833,4410.549
576,54.662381,162.441353,7691.872,7717.632,0.06959939,220.805,4411.361
577,54.553914,162.348603,7705.331,7731.136,0.06962083,220.778,4412.164
578,54.445565,162.255916,7718.784,7744.634,0.06964233,220.749,4412.962
579,54.337336,162.163290,7732.230,7758.124,0.06966396,220.721,4413.763
580,54.229228,162.070723,7745.669,7771.609,0.06968569,220.692,4414.564
581,54.121241,161.978213,7759.102,7785.086,0.06970714,220.663,4415.339
582,54.013375,161.885758,7772.528,7798.557,0.06972881,220.633,4416.122
583,53.905633,161.793357,7785.947,7812.021,0.06975048,220.604,4416.897
584,53.798014,161.701007,7799.359,7825.478,0.06977223,220.573,4417.672
585,53.690520,161.608707,7812.765,7838.929,0.06979398,220.543,4418.439
586,53.583151,161.516455,7826.163,7852.373,0.06981573,220.512,4419.200
587,53.475909,161.424250,7839.555,7865.809,0.06983756,220.481,4419.959
588,53.368793,161.332088,7852.940,7879.239,0.06985927,220.450,4420.707
589,53.261805,161.239970,7866.318,7892.662,0.06988111,220.418,4421.455
590,53.154946,161.147892,7879.689,7906.078,0.06990296,220.386,4422.196
591,53.048216,161.055854,7893.054,7919.487,0.06992468,220.354,4422.925
592,52.941616,160.963853,7906.411,7932.889,0.06994668,220.322,4423.664
593,52.835147,160.871888,7919.761,7946.284,0.06996842,220.289,4424.379
594,52.728810,160.779956,7933.104,7959.672,0.06999049,220.256,4425.113
595,52.622606,160.688057,7946.440,7973.052,0.07001232,220.223,4425.822
596,52.516535,160.596189,7959.769,7986.426,0.07003435,220.189,4426.540
597,52.410598,160.504349,7973.091,7999.792,0.07005624,220.155,4427.243
598,52.304796,160.412537,7986.406,8013.152,0.07007821,220.121,4427.944
599,52.199129,160.320750,7999.713,8026.504,0.07010013,220.087,4428.638
600,52.093599,160.228986,8013.014,8039.849,0.07012224,220.052,4429.337
601,51.988206,160.137245,8026.307,8053.187,0.07014425,220.017,4430.025
602,51.882952,160.045525,8039.593,8066.517,0.07016625,219.982,4430.705
603,51.777836,159.953823,8052.872,8079.840,0.07018813,219.947,4431.374
604,51.672859,159.862139,8066.143,8093.156,0.07021028,219.911,4432.054
605,51.568023,159.770470,8079.408,8106.465,0.07023216,219.875,4432.711
606,51.463328,159.678815,8092.665,8119.767,0.07025440,219.839,4433.387
607,51.358774,159.587172,8105.915,8133.061,0.07027636,219.803,4434.040
608,51.254363,159.495540,8119.157,8146.348,0.07029834,219.766,4434.688
609,51.150095,159.403918,8132.392,8159.627,0.07032046,219.729,4435.340
610,51.045972,159.312302,8145.620,8172.899,0.07034272,219.692,4435.996
611,50.941992,159.220693,8158.841,8186.164,0.07036458,219.655,4436.624
612,50.838159,159.129088,8172.054,8199.422,0.07038666,219.617,4437.258
613,50.734471,159.037486,8185.260,8212.672,0.07040875,219.580,4437.889
614,50.630931,158.945885,8198.459,8225.915,0.07043076,219.542,4438.509
615,50.527538,158.854283,8211.650,8239.150,0.07045286,219.504,4439.131
616,50.424294,158.762680,8224.834,8252.378,0.07047496,219.465,4439.749
617,50.321198,158.671073,8238.011,8265.599,0.07049707,219.427,4440.363
618,50.218252,158.579461,8251.180,8278.813,0.07051906,219.388,4440.965
619,50.115457,158.487842,8264.342,8292.019,0.07054105,219.349,4441.562
620,50.012813,158.396215,8277.496,8305.217,0.07056312,219.310,4442.161
621,49.910321,158.304578,8290.644,8318.408,0.07058519,219.271,4442.754
622,49.807981,158.212931,8303.784,8331.592,0.07060721,219.232,4443.340
623,49.705795,158.121270,8316.916,8344.769,0.07062916,219.192,4443.919
624,49.603763,158.029595,8330.041,8357.938,0.07065126,219.152,4444.503
625,49.501885,157.937904,8343.159,8371.100,0.07067323,219.112,4445.074
626,49.400162,157.846196,8356.270,8384.254,0.07069534,219.072,4445.650
627,49.298596,157.754469,8369.373,8397.402,0.07071719,219.032,4446.207
628,49.197186,157.662722,8382.469,8410.541,0.07073919,218.991,4446.768
629,49.095934,157.570953,8395.558,8423.674,0.07076119,218.951,4447.326
630,48.994839,157.479160,8408.639,8436.799,0.07078319,218.910,4447.881
631,48.893903,157.387342,8421.713,8449.917,0.07080501,218.869,4448.420
632,48.793127,157.295498,8434.780,8463.028,0.07082702,218.828,4448.969
633,48.692510,157.203627,8447.840,8476.131,0.07084893,218.787,4449.507
634,48.592054,157.111725,8460.892,8489.227,0.07087089,218.746,4450.047
635,48.491760,157.019793,8473.938,8502.316,0.07089274,218.704,4450.573
636,48.391627,156.927829,8486.976,8515.398,0.07091466,218.662,4451.103
637,48.291657,156.835831,8500.006,8528.472,0.07093644,218.621,4451.621
638,48.191850,156.743797,8513.030,8541.540,0.07095836,218.579,4452.144
639,48.092207,156.651727,8526.047,8554.600,0.07098025,218.537,4452.662
640,47.992728,156.559619,8539.056,8567.653,0.07100199,218.495,4453.168
641,47.893414,156.467470,8552.059,8580.699,0.07102375,218.453,4453.672
642,47.794266,156.375281,8565.054,8593.738,0.07104543,218.410,4454.169
643,47.695284,156.283049,8578.042,8606.770,0.07106721,218.368,4454.669
644,47.596469,156.190773,8591.024,8619.794,0.07108898,218.325,4455.166
645,47.497822,156.098451,8603.998,8632.812,0.07111070,218.283,4455.657
646,47.399343,156.006082,8616.966,8645.823,0.07113221,218.240,4456.131
647,47.301032,155.913665,8629.926,8658.827,0.07115407,218.197,4456.627
648,47.202891,155.821197,8642.880,8671.824,0.07117562,218.154,4457.100
649,47.104920,155.728678,8655.827,8684.814,0.07119702,218.111,4457.561
650,47.007119,155.636107,8668.767,8697.798,0.07121884,218.068,4458.046
651,46.909489,155.543481,8681.700,8710.774,0.07124040,218.025,4458.514
652,46.812031,155.450799,8694.626,8723.744,0.07126183,217.982,4458.970
653,46.714746,155.358060,8707.546,8736.707,0.07128334,217.938,4459.429
654,46.617632,155.265262,8720.459,8749.663,0.07130492,217.895,4459.890
655,46.520693,155.172404,8733.366,8762.613,0.07132630,217.852,4460.339
656,46.423927,155.079485,8746.266,8775.556,0.07134770,217.808,4460.786
657,46.327336,154.986502,8759.159,8788.493,0.07136889,217.764,4461.218
658,46.230919,154.893455,8772.046,8801.423,0.07139036,217.721,4461.666
659,46.134679,154.800342,8784.927,8814.347,0.07141177,217.677,4462.107
660,46.038614,154.707162,8797.801,8827.264,0.07143305,217.633,4462.540
661,45.942726,154.613913,8810.669,8840.175,0.07145421,217.590,4462.964
662,45.847016,154.520593,8823.530,8853.080,0.07147551,217.546,4463.393
663,45.751483,154.427202,8836.386,8865.978,0.07149661,217.502,4463.811
664,45.656128,154.333738,8849.235,8878.870,0.07151779,217.458,4464.231
665,45.560953,154.240199,8862.078,8891.756,0.07153898,217.414,4464.651
666,45.465956,154.146584,8874.915,8904.636,0.07155989,217.370,4465.051
667,45.371140,154.052891,8887.746,8917.510,0.07158110,217.326,4465.470
668,45.276504,153.959120,8900.571,8930.378,0.07160203,217.282,4465.871
669,45.182048,153.865268,8913.390,8943.240,0.07162303,217.238,4466.274
670,45.087774,153.771335,8926.203,8956.096,0.07164405,217.194,4466.678
671,44.993682,153.677318,8939.011,8968.947,0.07166494,217.149,4467.072
672,44.899773,153.583216,8951.812,8981.791,0.07168578,217.105,4467.461
673,44.806046,153.489028,8964.609,8994.630,0.07170667,217.061,4467.854
674,44.712503,153.394753,8977.399,9007.464,0.07172745,217.017,4468.240
675,44.619143,153.300388,8990.184,9020.292,0.07174823,216.973,4468.624
676,44.525968,153.205933,9002.964,9033.114,0.07176888,216.928,4468.999
677,44.432978,153.111386,9015.738,9045.931,0.07178947,216.884,4469.370
678,44.340173,153.016746,9028.507,9058.743,0.07181020,216.840,4469.750
679,44.247553,152.922010,9041.271,9071.550,0.07183060,216.796,4470.108
680,44.155120,152.827179,9054.030,9084.351,0.07185136,216.752,4470.488
681,44.062874,152.732249,9066.784,9097.148,0.07187183,216.707,4470.849
682,43.970815,152.637221,9079.532,9109.939,0.07189231,216.663,4471.212
683,43.878943,152.542091,9092.276,9122.726,0.07191268,216.619,4471.567
684,43.787260,152.446860,9105.015,9135.507,0.07193305,216.575,4471.921
685,43.695765,152.351525,9117.749,9148.284,0.07195334,216.531,4472.271
686,43.604459,152.256084,9130.479,9161.056,0.07197373,216.487,4472.626
687,43.513342,152.160538,9143.204,9173.824,0.07199411,216.443,4472.982
688,43.422415,152.064883,9155.925,9186.587,0.07201423,216.398,4473.320
689,43.331679,151.969119,9168.641,9199.346,0.07203429,216.354,4473.656
690,43.241133,151.873244,9181.353,9212.101,0.07205442,216.310,4473.996
691,43.150778,151.777256,9194.061,9224.851,0.07207442,216.266,4474.327
692,43.060615,151.681155,9206.764,9237.597,0.07209451,216.222,4474.664
693,42.970644,151.584938,9219.464,9250.339,0.07211459,216.178,4475.000
694,42.880863,151.488605,9232.160,9263.077,0.07213433,216.135,4475.317
695,42.791273,151.392158,9244.852,9275.812,0.07215429,216.091,4475.648
696,42.701870,151.295596,9257.540,9288.543,0.07217419,216.047,4475.974
697,42.612653,151.198919,9270.226,9301.271,0.07219389,216.003,4476.289
698,42.523621,151.102129,9282.908,9313.995,0.07221373,215.959,4476.613
699,42.434771,151.005227,9295.587,9326.717,0.07223338,215.916,4476.924
700,42.346103,150.908211,9308.263,9339.436,0.07225282,215.872,4477.224
701,42.257614,150.811084,9320.937,9352.152,0.07227268,215.828,4477.550
702,42.169302,150.713846,9333.608,9364.865,0.07229207,215.785,4477.848
703,42.081167,150.616496,9346.277,9377.577,0.07231174,215.741,4478.164
704,41.993206,150.519037,9358.944,9390.286,0.07233114,215.698,4478.463
705,41.905418,150.421468,9371.608,9402.993,0.07235040,215.655,4478.753
706,41.817801,150.323790,9384.271,9415.698,0.07236989,215.611,4479.060
707,41.730354,150.226004,9396.933,9428.402,0.07238903,215.568,4479.345
708,41.643074,150.128109,9409.592,9441.104,0.07240839,215.525,4479.642
709,41.555961,150.030108,9422.251,9453.805,0.07242775,215.481,4479.943
710,41.469013,149.931999,9434.908,9466.505,0.07244691,215.438,4480.230
711,41.382228,149.833785,9447.564,9479.203,0.07246602,215.395,4480.516
712,41.295604,149.735465,9460.219,9491.901,0.07248519,215.352,4480.806
713,41.209140,149.637041,9472.874,9504.598,0.07250408,215.309,4481.080
714,41.122834,149.538512,9485.528,9517.294,0.07252307,215.266,4481.361
715,41.036686,149.439879,9498.181,9529.990,0.07254212,215.224,4481.646
716,40.950692,149.341143,9510.834,9542.685,0.07256098,215.181,4481.919
717,40.864852,149.242305,9523.487,9555.381,0.07257991,215.138,4482.198
718,40.779165,149.143365,9536.140,9568.076,0.07259864,215.095,4482.466
719,40.693628,149.044324,9548.793,9580.771,0.07261743,215.053,4482.737
720,40.608240,148.945182,9561.446,9593.467,0.07263623,215.010,4483.011
721,40.522999,148.845940,9574.100,9606.163,0.07265492,214.968,4483.278
722,40.437905,148.746599,9586.754,9618.859,0.07267353,214.925,4483.542
723,40.352955,148.647160,9599.409,9631.556,0.07269214,214.883,4483.806
724,40.268148,148.547622,9612.064,9644.254,0.07271070,214.841,4484.068
725,40.183482,148.447986,9624.721,9656.953,0.07272919,214.798,4484.327
726,40.098956,148.348254,9637.378,9669.653,0.07274762,214.756,4484.583
727,40.014569,148.248426,9650.036,9682.354,0.07276626,214.714,4484.853
728,39.930319,148.148502,9662.696,9695.056,0.07278442,214.672,4485.095
729,39.846205,148.048484,9675.357,9707.759,0.07280286,214.630,4485.355
730,39.762225,147.948371,9688.019,9720.464,0.07282124,214.588,4485.612
731,39.678377,147.848165,9700.684,9733.170,0.07283936,214.546,4485.852
732,39.594661,147.747866,9713.349,9745.879,0.07285775,214.505,4486.113
733,39.511074,147.647474,9726.017,9758.589,0.07287566,214.463,4486.344
734,39.427615,147.546992,9738.686,9771.301,0.07289392,214.421,4486.597
735,39.344284,147.446418,9751.358,9784.015,0.07291205,214.380,4486.844
736,39.261078,147.345754,9764.032,9796.731,0.07293011,214.338,4487.087
737,39.177996,147.245001,9776.708,9809.449,0.07294799,214.297,4487.320
738,39.095037,147.144158,9789.386,9822.170,0.07296612,214.256,4487.571
739,39.012199,147.043228,9802.067,9834.893,0.07298386,214.215,4487.797
740,38.929481,146.942210,9814.750,9847.619,0.07300167,214.173,4488.030
741,38.846881,146.841106,9827.436,9860.347,0.07301962,214.132,4488.273
742,38.764399,146.739915,9840.125,9873.078,0.07303745,214.091,4488.509
743,38.682032,146.638639,9852.816,9885.812,0.07305507,214.050,4488.732
744,38.599779,146.537279,9865.511,9898.549,0.07307282,214.009,4488.966
745,38.517640,146.435834,9878.208,9911.289,0.07309060,213.969,4489.203
746,38.435612,146.334307,9890.909,9924.032,0.07310822,213.928,4489.431
747,38.353695,146.232696,9903.612,9936.779,0.07312586,213.887,4489.662
748,38.271887,146.131004,9916.319,9949.528,0.07314330,213.847,4489.882
749,38.190186,146.029231,9929.030,9962.281,0.07316081,213.806,4490.106
750,38.108592,145.927377,9941.744,9975.038,0.07317832,213.766,4490.332
751,38.027103,145.825444,9954.461,9987.798,0.07319563,213.726,4490.547
752,37.945717,145.723432,9967.182,10000.561,0.07321309,213.685,4490.771
753,37.864435,145.621342,9979.907,10013.329,0.07323040,213.645,4490.990
754,37.783253,145.519174,9992.635,10026.100,0.07324766,213.605,4491.205
755,37.702171,145.416929,10005.367,10038.875,0.07326491,213.565,4491.421
756,37.621187,145.314609,10018.104,10051.654,0.07328211,213.525,4491.636
757,37.540302,145.212213,10030.844,10064.436,0.07329938,213.485,4491.856
758,37.459512,145.109743,10043.588,10077.223,0.07331637,213.446,4492.061
759,37.378817,145.007199,10056.337,10090.015,0.07333344,213.406,4492.271
760,37.298215,144.904582,10069.089,10102.810,0.07335044,213.366,4492.479
761,37.217706,144.801892,10081.846,10115.609,0.07336774,213.327,4492.705
762,37.137288,144.699132,10094.607,10128.413,0.07338469,213.287,4492.913
763,37.056960,144.596300,10107.373,10141.222,0.07340162,213.248,4493.121
764,36.976720,144.493399,10120.143,10154.034,0.07341851,213.209,4493.327
765,36.896568,144.390428,10132.917,10166.852,0.07343526,213.170,4493.526
766,36.816502,144.287389,10145.697,10179.674,0.07345201,213.130,4493.726
767,36.736522,144.184283,10158.480,10192.500,0.07346906,213.091,4493.946
768,36.656625,144.081109,10171.269,10205.331,0.07348574,213.052,4494.145
769,36.576810,143.977869,10184.062,10218.167,0.07350236,213.014,4494.341
770,36.497078,143.874564,10196.860,10231.008,0.07351907,212.975,4494.545
771,36.417425,143.771195,10209.663,10243.854,0.07353549,212.936,4494.731
772,36.337852,143.667762,10222.470,10256.704,0.07355213,212.897,4494.934
773,36.258357,143.564266,10235.283,10269.560,0.07356878,212.859,4495.138
774,36.178938,143.460707,10248.100,10282.420,0.07358522,212.820,4495.330
775,36.099596,143.357088,10260.923,10295.286,0.07360166,212.782,4495.524
776,36.020328,143.253407,10273.751,10308.157,0.07361819,212.744,4495.726
777,35.941133,143.149667,10286.583,10321.032,0.07363456,212.706,4495.917
778,35.862011,143.045868,10299.421,10333.913,0.07365088,212.668,4496.108
779,35.782960,142.942011,10312.265,10346.800,0.07366721,212.630,4496.300
780,35.703979,142.838097,10325.113,10359.691,0.07368338,212.592,4496.486
781,35.625067,142.734126,10337.967,10372.588,0.07369965,212.554,4496.677
782,35.546223,142.630099,10350.826,10385.490,0.07371584,212.516,4496.866
783,35.467446,142.526017,10363.690,10398.397,0.07373190,212.478,4497.048
784,35.388735,142.421882,10376.560,10411.310,0.07374816,212.441,4497.245
785,35.310088,142.317693,10389.435,10424.228,0.07376416,212.403,4497.426
786,35.231505,142.213452,10402.315,10437.152,0.07378016,212.366,4497.609
787,35.152985,142.109159,10415.201,10450.081,0.07379630,212.328,4497.802
788,35.074526,142.004815,10428.093,10463.016,0.07381216,212.291,4497.979
789,34.996128,141.900421,10440.990,10475.956,0.07382812,212.254,4498.164
790,34.917789,141.795978,10453.892,10488.902,0.07384399,212.217,4498.345
791,34.839508,141.691487,10466.800,10501.853,0.07385973,212.180,4498.521
792,34.761285,141.586949,10479.714,10514.810,0.07387561,212.143,4498.705
793,34.683118,141.482364,10492.633,10527.773,0.07389128,212.106,4498.878
794,34.605007,141.377733,10505.558,10540.741,0.07390711,212.070,4499.062
795,34.526950,141.273058,10518.489,10553.715,0.07392272,212.033,4499.236
796,34.448946,141.168338,10531.425,10566.694,0.07393848,211.996,4499.418
797,34.370995,141.063575,10544.367,10579.680,0.07395403,211.960,4499.590
798,34.293095,140.958770,10557.315,10592.671,0.07396959,211.923,4499.764
799,34.215246,140.853923,10570.269,10605.668,0.07398514,211.887,4499.940
800,34.137446,140.749036,10583.228,10618.670,0.07400057,211.851,4500.108
801,34.059695,140.644109,10596.193,10631.679,0.07401614,211.815,4500.288
802,33.981991,140.539143,10609.163,10644.693,0.07403156,211.779,4500.460
803,33.904333,140.434139,10622.140,10657.713,0.07404686,211.743,4500.625
804,33.826722,140.329098,10635.122,10670.738,0.07406222,211.707,4500.797
805,33.749155,140.224020,10648.110,10683.770,0.07407745,211.671,4500.963
806,33.671632,140.118907,10661.104,10696.807,0.07409283,211.635,4501.137
807,33.594151,140.013760,10674.103,10709.850,0.07410793,211.600,4501.298
808,33.516713,139.908579,10687.109,10722.899,0.07412317,211.564,4501.468
809,33.439316,139.803365,10700.120,10735.954,0.07413848,211.529,4501.645
810,33.361958,139.698119,10713.137,10749.015,0.07415337,211.494,4501.796
811,33.284641,139.592842,10726.160,10762.081,0.07416856,211.458,4501.968
812,33.207361,139.487535,10739.188,10775.153,0.07418346,211.423,4502.124
813,33.130119,139.382199,10752.223,10788.231,0.07419857,211.388,4502.294
814,33.052913,139.276834,10765.263,10801.315,0.07421334,211.353,4502.444
815,32.975743,139.171442,10778.309,10814.405,0.07422832,211.318,4502.610
816,32.898608,139.066023,10791.361,10827.500,0.07424310,211.284,4502.766
817,32.821507,138.960578,10804.419,10840.602,0.07425810,211.249,4502.935
818,32.744440,138.855109,10817.482,10853.709,0.07427281,211.214,4503.089
819,32.667404,138.749616,10830.551,10866.822,0.07428753,211.180,4503.246
820,32.590400,138.644099,10843.626,10879.941,0.07430238,211.145,4503.412
821,32.513427,138.538561,10856.707,10893.065,0.07431704,211.111,4503.565
822,32.436483,138.433001,10869.793,10906.195,0.07433161,211.077,4503.718
823,32.359568,138.327421,10882.885,10919.331,0.07434634,211.042,4503.881
824,32.282682,138.221821,10895.983,10932.473,0.07436087,211.008,4504.034
825,32.205823,138.116203,10909.087,10945.621,0.07437532,210.974,4504.183
826,32.128990,138.010568,10922.196,10958.774,0.07438992,210.940,4504.344
827,32.052184,137.904915,10935.311,10971.933,0.07440431,210.907,4504.492
828,31.975402,137.799247,10948.432,10985.097,0.07441869,210.873,4504.643
829,31.898644,137.693564,10961.558,10998.268,0.07443303,210.839,4504.791
830,31.821910,137.587867,10974.690,11011.444,0.07444735,210.806,4504.941
831,31.745198,137.482157,10987.828,11024.625,0.07446176,210.772,4505.098
832,31.668509,137.376435,11000.971,11037.812,0.07447594,210.739,4505.242
833,31.591840,137.270701,11014.120,11051.005,0.07449007,210.706,4505.386
834,31.515192,137.164957,11027.274,11064.203,0.07450420,210.672,4505.529
835,31.438564,137.059204,11040.434,11077.407,0.07451840,210.639,4505.680
836,31.361954,136.953442,11053.599,11090.617,0.07453247,210.606,4505.824
837,31.285363,136.847672,11066.770,11103.832,0.07454647,210.573,4505.967
838,31.208789,136.741896,11079.946,11117.052,0.07456046,210.541,4506.110
839,31.132231,136.636115,11093.128,11130.278,0.07457439,210.508,4506.250
840,31.055690,136.530328,11106.315,11143.509,0.07458840,210.475,4506.398
841,30.979164,136.424537,11119.507,11156.746,0.07460226,210.443,4506.538
842,30.902653,136.318744,11132.705,11169.988,0.07461628,210.410,4506.690
843,30.826155,136.212948,11145.908,11183.235,0.07462993,210.378,4506.820
844,30.749671,136.107151,11159.117,11196.488,0.07464374,210.345,4506.962
845,30.673199,136.001354,11172.330,11209.746,0.07465740,210.313,4507.097
846,30.596739,135.895558,11185.549,11223.009,0.07467107,210.281,4507.234
847,30.520290,135.789763,11198.774,11236.277,0.07468481,210.249,4507.377
848,30.443851,135.683971,11212.003,11249.551,0.07469842,210.217,4507.514
849,30.367423,135.578183,11225.237,11262.830,0.07471181,210.185,4507.639
850,30.291003,135.472399,11238.477,11276.114,0.07472549,210.154,4507.782
851,30.214592,135.366620,11251.722,11289.403,0.07473889,210.122,4507.912
852,30.138189,135.260848,11264.971,11302.697,0.07475236,210.090,4508.047
853,30.061793,135.155082,11278.226,11315.996,0.07476576,210.059,4508.179
854,29.985403,135.049325,11291.486,11329.300,0.07477910,210.027,4508.310
855,29.909020,134.943577,11304.750,11342.609,0.07479244,209.996,4508.442
856,29.832641,134.837839,11318.020,11355.923,0.07480564,209.965,4508.567
857,29.756268,134.732112,11331.294,11369.241,0.07481884,209.934,4508.695
858,29.679898,134.626397,11344.573,11382.565,0.07483205,209.903,4508.824
859,29.603532,134.520695,11357.857,11395.893,0.07484519,209.872,4508.952
860,29.527169,134.415006,11371.145,11409.227,0.07485832,209.841,4509.080
861,29.450808,134.309332,11384.439,11422.564,0.07487140,209.810,4509.207
862,29.374448,134.203674,11397.737,11435.907,0.07488433,209.780,4509.327
863,29.298090,134.098032,11411.039,11449.254,0.07489741,209.749,4509.457
864,29.221732,133.992407,11424.346,11462.606,0.07491027,209.719,4509.575
865,29.145374,133.886802,11437.658,11475.962,0.07492307,209.688,4509.693
866,29.069015,133.781215,11450.974,11489.322,0.07493600,209.658,4509.819
867,28.992655,133.675649,11464.294,11502.688,0.07494895,209.628,4509.949
868,28.916294,133.570103,11477.619,11516.057,0.07496148,209.597,4510.054
869,28.839929,133.464580,11490.949,11529.431,0.07497443,209.568,4510.188
870,28.763562,133.359080,11504.282,11542.809,0.07498695,209.538,4510.297
871,28.687192,133.253604,11517.620,11556.192,0.07499962,209.508,4510.416
872,28.610817,133.148153,11530.962,11569.578,0.07501230,209.478,4510.538
873,28.534438,133.042728,11544.308,11582.969,0.07502475,209.448,4510.649
874,28.458054,132.937330,11557.658,11596.364,0.07503729,209.419,4510.766
875,28.381664,132.831959,11571.012,11609.763,0.07504968,209.389,4510.875
876,28.305267,132.726617,11584.371,11623.166,0.07506215,209.360,4510.992
877,28.228865,132.621305,11597.733,11636.573,0.07507455,209.331,4511.106
878,28.152454,132.516023,11611.099,11649.984,0.07508667,209.301,4511.204
879,28.076037,132.410772,11624.469,11663.399,0.07509901,209.272,4511.318
880,27.999611,132.305554,11637.843,11676.817,0.07511134,209.243,4511.434
881,27.923176,132.200369,11651.220,11690.239,0.07512346,209.214,4511.538
882,27.846732,132.095219,11664.602,11703.665,0.07513551,209.186,4511.641
883,27.770278,131.990103,11677.986,11717.095,0.07514764,209.157,4511.749
884,27.693814,131.885024,11691.375,11730.528,0.07515971,209.128,4511.855
885,27.617339,131.779982,11704.767,11743.965,0.07517176,209.100,4511.962
886,27.540853,131.674977,11718.162,11757.406,0.07518368,209.071,4512.063
887,27.464356,131.570012,11731.561,11770.849,0.07519554,209.043,4512.162
888,27.387846,131.465086,11744.964,11784.297,0.07520746,209.014,4512.268
889,27.311324,131.360201,11758.369,11797.747,0.07521939,208.986,4512.376
890,27.234788,131.255357,11771.778,11811.201,0.07523111,208.958,4512.471
891,27.158239,131.150556,11785.190,11824.658,0.07524275,208.930,4512.565
892,27.081676,131.045799,11798.606,11838.118,0.07525447,208.902,4512.665
893,27.005099,130.941086,11812.024,11851.582,0.07526612,208.875,4512.763
894,26.928506,130.836418,11825.445,11865.048,0.07527763,208.847,4512.854
895,26.851898,130.731797,11838.870,11878.517,0.07528922,208.819,4512.952
896,26.775275,130.627222,11852.297,11891.990,0.07530087,208.792,4513.055
897,26.698635,130.522696,11865.727,11905.465,0.07531217,208.764,4513.140
898,26.621979,130.418219,11879.160,11918.943,0.07532348,208.737,4513.225
899,26.545305,130.313791,11892.596,11932.423,0.07533492,208.710,4513.321
900,26.468614,130.209415,11906.035,11945.907,0.07534623,208.682,4513.411
901,26.391905,130.105090,11919.476,11959.393,0.07535747,208.655,4513.499
902,26.315177,130.000817,11932.919,11972.882,0.07536878,208.628,4513.593
903,26.238431,129.896599,11946.366,11986.373,0.07537989,208.601,4513.676
904,26.161666,129.792434,11959.814,11999.867,0.07539099,208.575,4513.760
905,26.084880,129.688325,11973.265,12013.363,0.07540209,208.548,4513.848
906,26.008075,129.584272,11986.719,12026.861,0.07541297,208.521,4513.924
907,25.931250,129.480277,12000.174,12040.362,0.07542409,208.495,4514.015
908,25.854403,129.376339,12013.632,12053.865,0.07543483,208.468,4514.086
909,25.777536,129.272460,12027.092,12067.370,0.07544573,208.442,4514.168
910,25.700647,129.168641,12040.555,12080.878,0.07545663,208.416,4514.252
911,25.623735,129.064883,12054.019,12094.387,0.07546746,208.390,4514.333
912,25.546802,128.961187,12067.485,12107.898,0.07547815,208.364,4514.408
913,25.469845,128.857553,12080.953,12121.411,0.07548884,208.338,4514.485
914,25.392866,128.753982,12094.423,12134.927,0.07549939,208.312,4514.555
915,25.315863,128.650476,12107.895,12148.444,0.07550986,208.286,4514.623
916,25.238836,128.547035,12121.369,12161.962,0.07552055,208.260,4514.706
917,25.161784,128.443660,12134.844,12175.483,0.07553096,208.235,4514.773
918,25.084708,128.340352,12148.321,12189.004,0.07554130,208.209,4514.838
919,25.007607,128.237112,12161.799,12202.528,0.07555164,208.184,4514.907
920,24.930481,128.133940,12175.279,12216.053,0.07556199,208.159,4514.976
921,24.853329,128.030839,12188.760,12229.579,0.07557240,208.133,4515.051
922,24.776151,127.927807,12202.243,12243.107,0.07558260,208.108,4515.115
923,24.698946,127.824847,12215.727,12256.636,0.07559267,208.083,4515.173
924,24.621714,127.721960,12229.212,12270.167,0.07560287,208.058,4515.242
925,24.544456,127.619145,12242.698,12283.698,0.07561287,208.034,4515.300
926,24.467169,127.516404,12256.186,12297.231,0.07562271,208.009,4515.351
927,24.389855,127.413739,12269.674,12310.765,0.07563278,207.984,4515.417
928,24.312513,127.311149,12283.164,12324.299,0.07564278,207.960,4515.481
929,24.235142,127.208635,12296.654,12337.835,0.07565256,207.935,4515.533
930,24.157742,127.106199,12310.146,12351.372,0.07566234,207.911,4515.589
931,24.080314,127.003842,12323.638,12364.909,0.07567213,207.887,4515.646
932,24.002855,126.901563,12337.131,12378.447,0.07568170,207.862,4515.692
933,23.925367,126.799365,12350.624,12391.986,0.07569128,207.838,4515.740
934,23.847848,126.697247,12364.119,12405.525,0.07570115,207.814,4515.808
935,23.770299,126.595211,12377.613,12419.065,0.07571057,207.790,4515.849
936,23.692719,126.493258,12391.109,12432.605,0.07572000,207.767,4515.895
937,23.615108,126.391388,12404.604,12446.146,0.07572944,207.743,4515.943
938,23.537465,126.289602,12418.100,12459.688,0.07573882,207.719,4515.989
939,23.459790,126.187902,12431.597,12473.229,0.07574818,207.696,4516.034
940,23.382083,126.086287,12445.093,12486.771,0.07575733,207.672,4516.071
941,23.304344,125.984760,12458.590,12500.313,0.07576670,207.649,4516.123
942,23.226572,125.883319,12472.087,12513.855,0.07577571,207.626,4516.154
943,23.148767,125.781968,12485.584,12527.397,0.07578488,207.603,4516.196
944,23.070928,125.680705,12499.081,12540.939,0.07579382,207.580,4516.228
945,22.993056,125.579533,12512.577,12554.481,0.07580276,207.557,4516.260
946,22.915149,125.478452,12526.074,12568.023,0.07581178,207.534,4516.301
947,22.837208,125.377462,12539.571,12581.565,0.07582065,207.511,4516.333
948,22.759233,125.276566,12553.067,12595.106,0.07582968,207.488,4516.377
949,22.681222,125.175762,12566.563,12608.647,0.07583834,207.466,4516.401
950,22.603176,125.075053,12580.058,12622.188,0.07584707,207.443,4516.432
951,22.525095,124.974439,12593.554,12635.728,0.07585573,207.421,4516.460
952,22.446978,124.873920,12607.048,12649.268,0.07586448,207.398,4516.495
953,22.368824,124.773499,12620.542,12662.808,0.07587285,207.376,4516.510
954,22.290634,124.673174,12634.036,12676.346,0.07588130,207.354,4516.531
955,22.212408,124.572949,12647.529,12689.884,0.07588983,207.332,4516.559
956,22.134144,124.472822,12661.021,12703.421,0.07589822,207.310,4516.580
957,22.055842,124.372795,12674.512,12716.958,0.07590653,207.288,4516.599
958,21.977503,124.272868,12688.002,12730.493,0.07591484,207.267,4516.620
959,21.899126,124.173044,12701.492,12744.028,0.07592286,207.245,4516.625
960,21.820711,124.073321,12714.980,12757.562,0.07593103,207.223,4516.643
961,21.742257,123.973702,12728.468,12771.094,0.07593928,207.202,4516.665
962,21.663765,123.874186,12741.954,12784.626,0.07594731,207.181,4516.677
963,21.585233,123.774775,12755.439,12798.156,0.07595535,207.159,4516.690
964,21.506661,123.675469,12768.923,12811.685,0.07596309,207.138,4516.688
965,21.428050,123.576270,12782.406,12825.213,0.07597105,207.117,4516.703
966,21.349399,123.477177,12795.887,12838.740,0.07597886,207.096,4516.709
967,21.270707,123.378193,12809.367,12852.265,0.07598647,207.075,4516.706
968,21.191975,123.279316,12822.846,12865.788,0.07599436,207.054,4516.721
969,21.113202,123.180549,12836.323,12879.311,0.07600196,207.034,4516.721
970,21.034388,123.081892,12849.798,12892.831,0.07600957,207.013,4516.722
971,20.955532,122.983346,12863.272,12906.350,0.07601696,206.992,4516.714
972,20.876634,122.884912,12876.744,12919.867,0.07602442,206.972,4516.711
973,20.797694,122.786589,12890.215,12933.383,0.07603175,206.952,4516.703
974,20.718712,122.688380,12903.683,12946.897,0.07603921,206.931,4516.704
975,20.639687,122.590284,12917.150,12960.409,0.07604653,206.911,4516.699
976,20.560619,122.492303,12930.615,12973.919,0.07605386,206.891,4516.696
977,20.481508,122.394438,12944.078,12987.427,0.07606089,206.871,4516.678
978,20.402353,122.296688,12957.539,13000.933,0.07606807,206.851,4516.670
979,20.323154,122.199055,12970.998,13014.437,0.07607504,206.832,4516.651
980,20.243911,122.101540,12984.455,13027.939,0.07608215,206.812,4516.644
981,20.164624,122.004143,12997.910,13041.439,0.07608890,206.792,4516.618
982,20.085292,121.906865,13011.362,13054.936,0.07609572,206.773,4516.596
983,20.005914,121.809707,13024.812,13068.431,0.07610262,206.753,4516.582
984,19.926492,121.712669,13038.260,13081.924,0.07610938,206.734,4516.560
985,19.847024,121.615752,13051.705,13095.415,0.07611599,206.715,4516.533
986,19.767509,121.518957,13065.149,13108.903,0.07612281,206.696,4516.519
987,19.687949,121.422284,13078.589,13122.388,0.07612928,206.677,4516.487
988,19.608342,121.325735,13092.027,13135.871,0.07613567,206.658,4516.451
989,19.528688,121.229310,13105.463,13149.352,0.07614215,206.639,4516.424
990,19.448987,121.133010,13118.896,13162.830,0.07614868,206.620,4516.401
991,19.369239,121.036835,13132.326,13176.305,0.07615501,206.601,4516.369
992,19.289443,120.940786,13145.753,13189.777,0.07616119,206.583,4516.330
993,19.209598,120.844864,13159.178,13203.247,0.07616752,206.564,4516.300
994,19.129706,120.749069,13172.600,13216.714,0.07617363,206.546,4516.261
995,19.049764,120.653403,13186.019,13230.178,0.07617967,206.528,4516.217
996,18.969774,120.557865,13199.435,13243.639,0.07618572,206.509,4516.178
997,18.889734,120.462457,13212.848,13257.097,0.07619154,206.491,4516.127
998,18.809645,120.367180,13226.259,13270.552,0.07619758,206.473,4516.092
999,18.729506,120.272033,13239.666,13284.004,0.07620333,206.455,4516.039
1000,18.649316,120.177018,13253.070,13297.453,0.07620908,206.438,4515.990
1001,18.569076,120.082135,13266.471,13310.899,0.07621477,206.420,4515.938
1002,18.488785,119.987385,13279.868,13324.342,0.07622038,206.402,4515.885
1003,18.408443,119.892769,13293.263,13337.781,0.07622620,206.385,4515.846
1004,18.328049,119.798287,13306.654,13351.217,0.07623153,206.367,4515.779
1005,18.247604,119.703940,13320.042,13364.650,0.07623707,206.350,4515.727
1006,18.167106,119.609728,13333.427,13378.079,0.07624254,206.332,4515.672
1007,18.086556,119.515653,13346.808,13391.506,0.07624801,206.315,4515.619
1008,18.005953,119.421715,13360.186,13404.928,0.07625312,206.298,4515.547
1009,17.925296,119.327914,13373.560,13418.347,0.07625829,206.281,4515.481
1010,17.844587,119.234252,13386.931,13431.763,0.07626355,206.264,4515.423
1011,17.763823,119.140728,13400.298,13445.175,0.07626860,206.247,4515.353
1012,17.683005,119.047344,13413.662,13458.583,0.07627370,206.231,4515.288
1013,17.602133,118.954100,13427.022,13471.988,0.07627860,206.214,4515.214
1014,17.521206,118.860997,13440.379,13485.390,0.07628357,206.197,4515.146
1015,17.440223,118.768035,13453.731,13498.787,0.07628839,206.181,4515.068
1016,17.359186,118.675216,13467.081,13512.181,0.07629321,206.165,4514.996
1017,17.278092,118.582539,13480.426,13525.571,0.07629796,206.148,4514.920
1018,17.196942,118.490005,13493.767,13538.957,0.07630257,206.132,4514.837
1019,17.115735,118.397615,13507.105,13552.339,0.07630733,206.116,4514.767
1020,17.034471,118.305370,13520.439,13565.718,0.07631186,206.100,4514.684
1021,16.953150,118.213269,13533.769,13579.092,0.07631625,206.084,4514.595
1022,16.871772,118.121315,13547.095,13592.463,0.07632072,206.068,4514.511
1023,16.790335,118.029507,13560.417,13605.830,0.07632497,206.052,4514.418
1024,16.708840,117.937846,13573.735,13619.192,0.07632943,206.037,4514.339
1025,16.627286,117.846332,13587.049,13632.551,0.07633354,206.021,4514.240
1026,16.545673,117.754967,13600.359,13645.906,0.07633757,206.006,4514.140
1027,16.464000,117.663750,13613.665,13659.256,0.07634182,205.990,4514.055
1028,16.382268,117.572683,13626.967,13672.603,0.07634585,205.975,4513.958
1029,16.300475,117.481766,13640.265,13685.945,0.07634974,205.960,4513.853
1030,16.218621,117.390999,13653.558,13699.283,0.07635371,205.945,4513.757
1031,16.136707,117.300384,13666.848,13712.617,0.07635752,205.930,4513.651
1032,16.054731,117.209920,13680.133,13725.947,0.07636141,205.915,4513.555
1033,15.972692,117.119608,13693.414,13739.272,0.07636508,205.900,4513.446
1034,15.890592,117.029450,13706.691,13752.593,0.07636876,205.885,4513.340
1035,15.808429,116.939445,13719.963,13765.910,0.07637236,205.870,4513.231
1036,15.726203,116.849593,13733.231,13779.223,0.07637581,205.856,4513.116
1037,15.643914,116.759897,13746.495,13792.531,0.07637942,205.841,4513.010
1038,15.561560,116.670356,13759.755,13805.835,0.07638266,205.827,4512.886
1039,15.479142,116.580970,13773.010,13819.135,0.07638612,205.813,4512.776
1040,15.396660,116.491741,13786.261,13832.430,0.07638944,205.798,4512.660
1041,15.314112,116.402668,13799.508,13845.721,0.07639268,205.784,4512.541
1042,15.231499,116.313753,13812.750,13859.008,0.07639584,205.770,4512.419
1043,15.148819,116.224996,13825.988,13872.290,0.07639894,205.756,4512.297
1044,15.066074,116.136398,13839.221,13885.567,0.07640175,205.742,4512.159
1045,14.983261,116.047958,13852.450,13898.840,0.07640500,205.728,4512.046
1046,14.900381,115.959678,13865.674,13912.109,0.07640781,205.715,4511.913
1047,14.817433,115.871559,13878.894,13925.373,0.07641076,205.701,4511.789
1048,14.734417,115.783600,13892.109,13938.633,0.07641335,205.688,4511.644
1049,14.651332,115.695802,13905.320,13951.888,0.07641622,205.674,4511.520
1050,14.568178,115.608166,13918.527,13965.139,0.07641889,205.661,4511.384
1051,14.484954,115.520692,13931.729,13978.385,0.07642141,205.648,4511.242
1052,14.401660,115.433382,13944.926,13991.627,0.07642408,205.634,4511.111
1053,14.318296,115.346234,13958.119,14004.864,0.07642653,205.621,4510.967
1054,14.234860,115.259251,13971.308,14018.097,0.07642876,205.608,4510.813
1055,14.151353,115.172432,13984.492,14031.325,0.07643128,205.595,4510.679
1056,14.067774,115.085777,13997.671,14044.548,0.07643366,205.582,4510.538
1057,13.984123,114.999289,14010.846,14057.767,0.07643582,205.570,4510.386
1058,13.900398,114.912966,14024.016,14070.982,0.07643783,205.557,4510.227
1059,13.816600,114.826810,14037.182,14084.191,0.07644006,205.545,4510.083
1060,13.732728,114.740821,14050.343,14097.397,0.07644192,205.532,4509.918
1061,13.648781,114.654999,14063.500,14110.597,0.07644409,205.520,4509.775
1062,13.564759,114.569346,14076.652,14123.794,0.07644611,205.507,4509.624
1063,13.480662,114.483860,14089.800,14136.985,0.07644783,205.495,4509.458
1064,13.396489,114.398544,14102.943,14150.172,0.07644963,205.483,4509.296
1065,13.312238,114.313398,14116.081,14163.355,0.07645142,205.471,4509.138
1066,13.227911,114.228421,14129.215,14176.533,0.07645300,205.459,4508.968
1067,13.143506,114.143616,14142.345,14189.706,0.07645467,205.447,4508.807
1068,13.059023,114.058981,14155.470,14202.875,0.07645610,205.435,4508.631
1069,12.974461,113.974517,14168.590,14216.040,0.07645768,205.424,4508.468
1070,12.889820,113.890225,14181.706,14229.200,0.07645905,205.412,4508.293
1071,12.805100,113.806102,14194.818,14242.355,0.07646048,205.400,4508.125
1072,12.720300,113.722146,14207.925,14255.507,0.07646178,205.389,4507.950
1073,12.635421,113.638356,14221.029,14268.654,0.07646307,205.378,4507.776
1074,12.550464,113.554729,14234.129,14281.798,0.07646415,205.366,4507.593
1075,12.465427,113.471263,14247.225,14294.938,0.07646521,205.355,4507.410
1076,12.380312,113.387957,14260.317,14308.074,0.07646637,205.344,4507.233
1077,12.295117,113.304808,14273.406,14321.207,0.07646722,205.333,4507.042
1078,12.209844,113.221815,14286.492,14334.336,0.07646815,205.322,4506.858
1079,12.124492,113.138976,14299.574,14347.463,0.07646916,205.311,4506.679
1080,12.039061,113.056289,14312.654,14360.586,0.07646979,205.300,4506.480
1081,11.953552,112.973752,14325.730,14373.706,0.07647073,205.290,4506.301
1082,11.867965,112.891363,14338.804,14386.824,0.07647130,205.279,4506.102
1083,11.782299,112.809121,14351.875,14399.939,0.07647208,205.269,4505.917
1084,11.696555,112.727024,14364.944,14413.051,0.07647251,205.258,4505.714
1085,11.610734,112.645069,14378.010,14426.161,0.07647315,205.248,4505.526
1086,11.524834,112.563255,14391.074,14439.269,0.07647350,205.238,4505.321
1087,11.438857,112.481581,14404.136,14452.374,0.07647392,205.228,4505.123
1088,11.352802,112.400045,14417.195,14465.477,0.07647435,205.218,4504.927
1089,11.266670,112.318645,14430.253,14478.579,0.07647448,205.208,4504.716
1090,11.180462,112.237379,14443.309,14491.678,0.07647469,205.198,4504.510
1091,11.094176,112.156245,14456.363,14504.776,0.07647489,205.188,4504.308
1092,11.007813,112.075242,14469.415,14517.872,0.07647489,205.178,4504.093
1093,10.921375,111.994369,14482.466,14530.967,0.07647502,205.168,4503.889
1094,10.834860,111.913623,14495.515,14544.060,0.07647501,205.159,4503.680
1095,10.748269,111.833004,14508.564,14557.152,0.07647486,205.149,4503.462
1096,10.661603,111.752508,14521.610,14570.242,0.07647485,205.140,4503.256
1097,10.574861,111.672136,14534.656,14583.332,0.07647469,205.131,4503.042
1098,10.488044,111.591884,14547.701,14596.420,0.07647417,205.122,4502.810
1099,10.401152,111.511753,14560.744,14609.507,0.07647394,205.112,4502.596
1100,10.314186,111.431739,14573.787,14622.593,0.07647365,205.103,4502.380
1101,10.227146,111.351842,14586.829,14635.679,0.07647320,205.094,4502.158
1102,10.140032,111.272060,14599.870,14648.764,0.07647268,205.086,4501.932
1103,10.052845,111.192391,14612.910,14661.848,0.07647209,205.077,4501.705
1104,9.965584,111.112835,14625.950,14674.932,0.07647165,205.068,4501.488
1105,9.878251,111.033389,14638.990,14688.015,0.07647076,205.059,4501.247
1106,9.790846,110.954052,14652.029,14701.097,0.07647003,205.051,4501.016
1107,9.703368,110.874822,14665.067,14714.180,0.07646937,205.043,4500.792
1108,9.615819,110.795699,14678.106,14727.262,0.07646849,205.034,4500.557
1109,9.528199,110.716681,14691.144,14740.343,0.07646754,205.026,4500.320
1110,9.440508,110.637766,14704.182,14753.425,0.07646666,205.018,4500.089
1111,9.352747,110.558953,14717.219,14766.506,0.07646564,205.010,4499.851
1112,9.264916,110.480240,14730.257,14779.588,0.07646461,205.002,4499.616
1113,9.177016,110.401627,14743.295,14792.669,0.07646351,204.994,4499.377
1114,9.089047,110.323112,14756.333,14805.750,0.07646227,204.986,4499.133
1115,9.001010,110.244693,14769.371,14818.832,0.07646118,204.978,4498.898
1116,8.912904,110.166369,14782.409,14831.914,0.07645979,204.971,4498.647
1117,8.824732,110.088139,14795.447,14844.996,0.07645854,204.963,4498.408
1118,8.736492,110.010001,14808.485,14858.078,0.07645716,204.955,4498.163
1119,8.648187,109.931955,14821.524,14871.160,0.07645577,204.948,4497.919
1120,8.559815,109.853999,14834.563,14884.243,0.07645424,204.941,4497.668
1121,8.471379,109.776132,14847.602,14897.326,0.07645278,204.934,4497.424
1122,8.382878,109.698352,14860.642,14910.409,0.07645111,204.926,4497.169
1123,8.294313,109.620658,14873.682,14923.493,0.07644950,204.919,4496.920
1124,8.205685,109.543050,14886.723,14936.578,0.07644783,204.912,4496.669
1125,8.116994,109.465525,14899.764,14949.662,0.07644609,204.905,4496.415
1126,8.028241,109.388083,14912.806,14962.748,0.07644426,204.899,4496.158
1127,7.939426,109.310722,14925.848,14975.834,0.07644251,204.892,4495.908
1128,7.850551,109.233442,14938.891,14988.920,0.07644040,204.885,4495.639
1129,7.761616,109.156240,14951.934,15002.007,0.07643866,204.879,4495.393
1130,7.672621,109.079117,14964.978,15015.095,0.07643647,204.872,4495.123
1131,7.583568,109.002071,14978.023,15028.183,0.07643436,204.866,4494.859
1132,7.494456,108.925100,14991.068,15041.272,0.07643232,204.860,4494.603
1133,7.405288,108.848204,15004.113,15054.361,0.07643028,204.854,4494.347
1134,7.316063,108.771381,15017.160,15067.451,0.07642803,204.848,4494.081
1135,7.226782,108.694631,15030.207,15080.542,0.07642585,204.842,4493.822
1136,7.137446,108.617952,15043.254,15093.633,0.07642352,204.836,4493.553
1137,7.048056,108.541344,15056.302,15106.725,0.07642126,204.830,4493.292
1138,6.958613,108.464804,15069.351,15119.817,0.07641872,204.824,4493.017
1139,6.869117,108.388334,15082.401,15132.910,0.07641625,204.818,4492.747
1140,6.779570,108.311930,15095.451,15146.004,0.07641377,204.813,4492.480
1141,6.689972,108.235593,15108.501,15159.099,0.07641137,204.807,4492.218
1142,6.600323,108.159321,15121.553,15172.194,0.07640868,204.802,4491.941
1143,6.510626,108.083113,15134.604,15185.289,0.07640614,204.797,4491.675
1144,6.420880,108.006968,15147.657,15198.385,0.07640352,204.791,4491.407
1145,6.331087,107.930886,15160.710,15211.482,0.07640068,204.786,4491.127
1146,6.241247,107.854865,15173.763,15224.579,0.07639807,204.781,4490.863
1147,6.151362,107.778905,15186.817,15237.677,0.07639531,204.776,4490.591
1148,6.061433,107.703005,15199.872,15250.775,0.07639225,204.771,4490.304
1149,5.971460,107.627163,15212.926,15263.873,0.07638935,204.766,4490.029
1150,5.881444,107.551379,15225.982,15276.972,0.07638651,204.762,4489.759
1151,5.791387,107.475651,15239.037,15290.072,0.07638332,204.757,4489.470
1152,5.701289,107.399980,15252.093,15303.171,0.07638048,204.753,4489.204
1153,5.611151,107.324364,15265.150,15316.271,0.07637736,204.748,4488.924
1154,5.520975,107.248803,15278.206,15329.372,0.07637423,204.744,4488.644
1155,5.430762,107.173295,15291.263,15342.472,0.07637112,204.740,4488.368
1156,5.340511,107.097840,15304.320,15355.573,0.07636806,204.735,4488.096
1157,5.250226,107.022436,15317.377,15368.674,0.07636473,204.731,4487.811
1158,5.159906,106.947084,15330.434,15381.775,0.07636146,204.727,4487.531
1159,5.069553,106.871782,15343.491,15394.876,0.07635812,204.723,4487.248
1160,4.979168,106.796530,15356.549,15407.977,0.07635485,204.719,4486.972
1161,4.888752,106.721326,15369.606,15421.077,0.07635143,204.716,4486.689
1162,4.798306,106.646171,15382.663,15434.178,0.07634809,204.712,4486.413
1163,4.707832,106.571063,15395.720,15447.279,0.07634439,204.709,4486.117
1164,4.617330,106.496001,15408.776,15460.379,0.07634097,204.705,4485.841
1165,4.526802,106.420986,15421.832,15473.479,0.07633742,204.702,4485.557
1166,4.436249,106.346016,15434.888,15486.579,0.07633393,204.698,4485.280
1167,4.345672,106.271090,15447.944,15499.678,0.07633030,204.695,4484.996
1168,4.255072,106.196208,15460.999,15512.776,0.07632668,204.692,4484.714
1169,4.164451,106.121370,15474.053,15525.874,0.07632305,204.689,4484.434
1170,4.073810,106.046574,15487.106,15538.972,0.07631920,204.686,4484.144
1171,3.983150,105.971820,15500.159,15552.068,0.07631564,204.683,4483.873
1172,3.892473,105.897108,15513.211,15565.164,0.07631173,204.680,4483.581
1173,3.801780,105.822436,15526.263,15578.259,0.07630802,204.678,4483.305
1174,3.711071,105.747804,15539.313,15591.353,0.07630403,204.675,4483.012
1175,3.620349,105.673212,15552.362,15604.445,0.07630026,204.673,4482.735
1176,3.529615,105.598659,15565.410,15617.537,0.07629626,204.670,4482.448
1177,3.438870,105.524144,15578.456,15630.627,0.07629242,204.668,4482.171
1178,3.348116,105.449667,15591.501,15643.716,0.07628843,204.666,4481.888
1179,3.257354,105.375227,15604.545,15656.804,0.07628444,204.663,4481.604
1180,3.166585,105.300825,15617.588,15669.890,0.07628038,204.661,4481.322
1181,3.075810,105.226458,15630.628,15682.974,0.07627638,204.659,4481.043
1182,2.985032,105.152128,15643.667,15696.057,0.07627232,204.657,4480.764
1183,2.894252,105.077832,15656.704,15709.137,0.07626811,204.656,4480.476
1184,2.803471,105.003572,15669.739,15722.216,0.07626398,204.654,4480.195
1185,2.712690,104.929346,15682.772,15735.293,0.07625985,204.652,4479.917
1186,2.621911,104.855154,15695.803,15748.367,0.07625578,204.651,4479.644
1187,2.531137,104.780995,15708.832,15761.439,0.07625151,204.649,4479.361
1188,2.440367,104.706869,15721.858,15774.509,0.07624716,204.648,4479.075
1189,2.349604,104.632776,15734.881,15787.576,0.07624295,204.647,4478.800
1190,2.258849,104.558715,15747.902,15800.641,0.07623853,204.645,4478.514
1191,2.168103,104.484686,15760.921,15813.703,0.07623433,204.644,4478.243
1192,2.077370,104.410689,15773.936,15826.762,0.07622990,204.643,4477.961
1193,1.986649,104.336723,15786.948,15839.818,0.07622562,204.642,4477.688
1194,1.895942,104.262787,15799.958,15852.871,0.07622127,204.641,4477.415
1195,1.805252,104.188882,15812.964,15865.920,0.07621677,204.641,4477.134
1196,1.714579,104.115007,15825.966,15878.966,0.07621257,204.640,4476.873
1197,1.623926,104.041161,15838.965,15892.009,0.07620794,204.639,4476.587
1198,1.533294,103.967345,15851.961,15905.048,0.07620350,204.639,4476.316
1199,1.442685,103.893558,15864.953,15918.083,0.07619886,204.639,4476.035
1200,1.352100,103.819800,15877.940,15931.114,0.07619430,204.638,4475.760
